label_id,span_label,num_of_token,stanza_pos,stanza_dep,ckip_pos,token_text
['0RJsZQqAb5'],OPINION_OPR,1,['VERB'],['root'],['VE'],['表示']
['sVC9O4AHXb'],OPINION_OPR,1,['VERB'],['root'],['VE'],['表示']
['0APo8lGJia'],OPINION_OPR,1,['VERB'],['root'],['VE'],['表示']
['36Pj4jY4ht'],OPINION_OPR,1,['VERB'],['root'],['VE'],['表示']
['WhFjddsiu5'],OPINION_OPR,1,['VERB'],['root'],['VE'],['說']
['Xy9ZCnYfLs'],OPINION_OPR,1,['VERB'],['root'],['VE'],['揭示']
['FA_4qs2cZY'],OPINION_OPR,1,['VERB'],['advcl'],['VE'],['指出']
['3bokhkZZNE'],OPINION_OPR,1,['VERB'],['advcl'],['VE'],['說明']
['WeyPydCejJ'],OPINION_OPR,1,['VERB'],['advcl'],['VE'],['說明']
['mOVSJXF0TR'],OPINION_OPR,1,['VERB'],['root'],['VE'],['說']
['S1fdYirlM7'],OPINION_OPR,1,['VERB'],['root'],['VE'],['表示']
['BIgQELnoJj'],OPINION_OPR,1,['VERB'],['root'],['VA'],['喊話']
['qL-ReMplQc'],OPINION_OPR,1,['VERB'],['root'],['VE'],['表示']
['DmS5La8oSh'],OPINION_OPR,1,['VERB'],['root'],['VE'],['表示']
['YT9Y7PYglJ'],OPINION_OPR,1,['VERB'],['root'],['VE'],['表示']
['eHKhHP2hXi'],OPINION_OPR,1,['VERB'],['advcl'],['VE'],['表示']
['vDO7XZHf2A'],OPINION_OPR,1,['VERB'],['root'],['VE'],['預告']
['rDT4S8zvB2'],OPINION_OPR,1,['VERB'],['root'],['VE'],['稱讚']
['GiFPfWw54e'],OPINION_OPR,1,['VERB'],['parataxis'],['VE'],['說']
['u8k-M6p3MF'],OPINION_OPR,1,['VERB'],['root'],['VE'],['表示']
['rjbQCKjpEJ'],OPINION_OPR,1,['VERB'],['root'],['VE'],['指出']
['BbtOaNAsDm'],OPINION_OPR,1,['VERB'],['root'],['VE'],['表示']
['abx91z0Eia'],OPINION_OPR,1,['VERB'],['root'],['VE'],['表示']
['u7lNt9u8jR'],OPINION_OPR,1,['VERB'],['root'],['VE'],['指出']
['wFDXYEHqtS'],OPINION_OPR,1,['VERB'],['root'],['VE'],['表示']
['o0SBA0als1'],OPINION_OPR,1,['VERB'],['root'],['VE'],['認為']
['dPqvBqRVOu'],OPINION_OPR,1,['VERB'],['root'],['VE'],['表示']
['PpxrkihIJN'],OPINION_OPR,1,['VERB'],['root'],['VE'],['表示']
['4MxaIGIpai'],OPINION_OPR,1,['VERB'],['root'],['VE'],['提醒']
['l0p9OSyWf8'],OPINION_OPR,1,['VERB'],['root'],['VE'],['表示']
['wZTVLFN3il'],OPINION_OPR,1,['VERB'],['root'],['VE'],['說']
['lXgurtzJh9'],OPINION_OPR,1,['VERB'],['advcl'],['VE'],['重申']
['XeqM_1pOBY'],OPINION_OPR,1,['VERB'],['root'],['VE'],['表示']
['0bpIkOzX1O'],OPINION_OPR,1,['VERB'],['root'],['VE'],['表示']
['FxEOiYbLDw'],OPINION_OPR,1,['VERB'],['root'],['VE'],['表示']
['1DumnfvsF0'],OPINION_OPR,1,['VERB'],['root'],['VE'],['指出']
['RdaVUtNTQP'],OPINION_OPR,1,['VERB'],['root'],['VG'],['稱']
['m1JZ5u1055'],OPINION_OPR,1,['VERB'],['root'],['VE'],['說']
['MNiQHfzjsP'],OPINION_OPR,1,['VERB'],['advcl'],['VA'],['喊話']
['p55qJeIe8A'],OPINION_OPR,1,['NOUN'],['nmod'],['VC'],['批黨']
['qN9YnyDumL'],OPINION_OPR,1,['VERB'],['advcl'],['VE'],['強調']
['YqRKazN2oh'],OPINION_OPR,1,['VERB'],['advcl'],['VE'],['質疑']
['sqLirc-OHZ'],OPINION_OPR,1,['VERB'],['root'],['VC'],['批評']
['Wy3n7y1NqR'],OPINION_OPR,1,['VERB'],['parataxis'],['VE'],['聲稱']
['U4KW-UvdwJ'],OPINION_OPR,1,['VERB'],['root'],['VE'],['說']
['azCuzeJUBd'],OPINION_OPR,1,['VERB'],['root'],['VE'],['表示']
['ddy-AuJs8D'],OPINION_OPR,1,['VERB'],['advcl'],['VE'],['談到']
['y2kpC_Vm2j'],OPINION_OPR,1,['VERB'],['root'],['VE'],['說']
['7WIA39lM3V'],OPINION_OPR,1,['VERB'],['root'],['VE'],['表示']
['HyMAqQCtAZ'],OPINION_OPR,1,['VERB'],['root'],['VE'],['指出']
['Rlihv_NrW_'],OPINION_OPR,1,['VERB'],['root'],['VE'],['強調']
['KVQsrMWaNp'],OPINION_OPR,1,['VERB'],['advcl'],['VK'],['感謝']
['My-9GZI5z6'],OPINION_OPR,1,['VERB'],['root'],['VE'],['強調']
['CQer9IefEL'],OPINION_OPR,1,['VERB'],['root'],['VE'],['強調']
['T7srQ39oMF'],OPINION_OPR,1,['VERB'],['root'],['VE'],['表示']
['jmu3t8-kR_'],OPINION_OPR,1,['VERB'],['root'],['VE'],['表示']
['f2gayYzs_o'],OPINION_OPR,1,['VERB'],['advcl'],['VE'],['表示']
['kLd6QvO5QU'],OPINION_OPR,1,['VERB'],['root'],['VE'],['建議']
['OaFhZ8ecRp'],OPINION_OPR,1,['VERB'],['root'],['VE'],['表示']
['pvzCSV7nfZ'],OPINION_OPR,1,['VERB'],['root'],['VE'],['強調']
['57VDDuJjf6'],OPINION_OPR,1,['VERB'],['advcl'],['VE'],['認為']
['92xQ2eIMsq'],OPINION_OPR,1,['VERB'],['root'],['VE'],['說']
['3v9xgkN4TM'],OPINION_OPR,1,['VERB'],['advcl'],['VE'],['直言']
['WQjRYKrcU_'],OPINION_OPR,1,['VERB'],['advcl'],['VE'],['表示']
['n2qLCF4tkv'],OPINION_OPR,1,['VERB'],['root'],['VE'],['宣稱']
['-w8ZFVv7YV'],OPINION_OPR,1,['VERB'],['advcl'],['VA'],['表態']
['IngNY4u1eK'],OPINION_OPR,1,['VERB'],['root'],['VE'],['建議']
['rxjtV9bAZD'],OPINION_OPR,1,['VERB'],['advcl'],['VE'],['強調']
['BCS98bDExQ'],OPINION_OPR,1,['VERB'],['root'],['VE'],['強調']
['Vmn-QOC37A'],OPINION_OPR,1,['VERB'],['root'],['VE'],['強調']
['anzuFrh6aH'],OPINION_OPR,1,['VERB'],['root'],['VE'],['強調']
['pq0ftB78Bz'],OPINION_OPR,1,['VERB'],['advcl'],['VC'],['批']
['tim213xzM7'],OPINION_OPR,1,['VERB'],['parataxis'],['VE'],['反問']
['Q_tYyLZ3WT'],OPINION_OPR,1,['VERB'],['root'],['VE'],['表示']
['dS_3EsqKRz'],OPINION_OPR,1,['VERB'],['root'],['VE'],['強調']
['l-aBH_QqiF'],OPINION_OPR,1,['VERB'],['parataxis'],['VE'],['表示']
['92Z0l0iX_Y'],OPINION_OPR,1,['VERB'],['parataxis'],['VE'],['說']
['9k_9gZBKBk'],OPINION_OPR,1,['VERB'],['parataxis'],['VC'],['批評']
['Rq63p4YpsU'],OPINION_OPR,1,['VERB'],['root'],['VC'],['批評']
['YDH08FIYU8'],OPINION_OPR,1,['VERB'],['parataxis'],['VE'],['表示']
['WTmHdWwVz1'],OPINION_OPR,1,['VERB'],['root'],['VE'],['說']
['AQFJ90zt9j'],OPINION_OPR,1,['VERB'],['root'],['VC'],['批評']
['bZOteLfy5v'],OPINION_OPR,1,['VERB'],['parataxis'],['VE'],['強調']
['y9EEiZApfW'],OPINION_OPR,1,['VERB'],['root'],['VE'],['說明']
['lLggF0AfoX'],OPINION_OPR,1,['VERB'],['root'],['VE'],['指出']
['78_v_2sFYz'],OPINION_OPR,1,['VERB'],['root'],['Na'],['君說']
['hgJaIO2My-'],OPINION_OPR,1,['VERB'],['advcl'],['VE'],['表示']
['IgxKDEb_8B'],OPINION_OPR,1,['VERB'],['root'],['VE'],['認為']
['X3oHNJ5f0_'],OPINION_OPR,1,['VERB'],['parataxis'],['VE'],['說']
['ym3v0NgTCX'],OPINION_OPR,2,"['PROPN', 'PROPN']","['nmod', 'flat:name']","['VE', 'VE']","['澄', '清']"
['TTSbPh3d23'],OPINION_OPR,1,['VERB'],['root'],['VE'],['表示']
['z2guPOH7ga'],OPINION_OPR,1,['VERB'],['parataxis'],['VE'],['強調']
['2n3uXWfp41'],OPINION_OPR,2,"['VERB', 'PROPN']","['advcl', 'nsubj']","['VC', 'VC']","['祝', '賀']"
['A_DN1cqlOJ'],OPINION_OPR,1,['VERB'],['parataxis'],['VE'],['表示']
['6po4FZ9gQI'],OPINION_OPR,1,['NOUN'],['advmod'],['VE'],['說明']
['_pF_JpnuaH'],OPINION_OPR,1,['VERB'],['root'],['VE'],['指出']
['w2UFHmItK5'],OPINION_OPR,1,['VERB'],['advcl'],['VK'],['感謝']
['mbVToGwHxZ'],OPINION_OPR,1,['VERB'],['xcomp'],['VE'],['透露']
['tNIRDAB1ys'],OPINION_OPR,1,['VERB'],['root'],['VE'],['指出']
['H4p0TJWBow'],OPINION_OPR,1,['VERB'],['root'],['VE'],['表示']
['HoT8pc6Z4n'],OPINION_OPR,1,['VERB'],['advcl'],['VE'],['提議']
['kUGahaD-fF'],OPINION_OPR,1,['VERB'],['root'],['VE'],['表示']
['R20Oj9zYp8'],OPINION_OPR,1,['VERB'],['root'],['VE'],['說']
['1mI2hV72uc'],OPINION_OPR,1,['VERB'],['root'],['VE'],['指出']
['M500Z2SKU6'],OPINION_OPR,1,['VERB'],['xcomp'],['VE'],['說']
['BEKhgZJc8-'],OPINION_OPR,1,['VERB'],['parataxis'],['VE'],['認為']
['81Jf6oLZBf'],OPINION_OPR,1,['VERB'],['root'],['VE'],['說']
['zQ9yuhOEJG'],OPINION_OPR,1,['VERB'],['root'],['VE'],['說']
['uDS2-U1Wmo'],OPINION_OPR,1,['VERB'],['advcl'],['VE'],['提到']
['iXnrbS_yzM'],OPINION_OPR,1,['VERB'],['parataxis'],['VE'],['說']
['47A877sJO_'],OPINION_OPR,1,['VERB'],['root'],['VE'],['說']
['u9TugvSIas'],OPINION_OPR,1,['VERB'],['root'],['VE'],['說']
['pWxS3elrU_'],OPINION_OPR,1,['VERB'],['root'],['VE'],['說']
['hnw-8N3Vw-'],OPINION_OPR,1,['VERB'],['root'],['VE'],['說']
['CeN2KiPl1c'],OPINION_OPR,1,['VERB'],['root'],['VE'],['說']
['TEpSXw91rR'],OPINION_OPR,1,['VERB'],['parataxis'],['VE'],['認為']
['2I44iuchyC'],OPINION_OPR,1,['VERB'],['advcl'],['VE'],['直言']
['v5E1Re2vQE'],OPINION_OPR,1,['VERB'],['advcl'],['VE'],['指']
['Rs4K2iJu35'],OPINION_OPR,1,['VERB'],['root'],['VE'],['認為']
['hZjmPEgEDP'],OPINION_OPR,1,['VERB'],['root'],['VE'],['表示']
['XbzorJyHdU'],OPINION_OPR,1,['VERB'],['root'],['VE'],['強調']
['Uq7KWpRGDX'],OPINION_OPR,1,['NOUN'],['obj'],['VE'],['說明']
['AQcpSoIjj7'],OPINION_OPR,1,['VERB'],['root'],['VE'],['表示']
['RhHt59A0bJ'],OPINION_OPR,1,['VERB'],['root'],['VE'],['表示']
['c-vpRNWNaD'],OPINION_OPR,1,['VERB'],['root'],['VE'],['表示']
['OCVX4kd8dh'],OPINION_OPR,1,['VERB'],['root'],['VE'],['指出']
['pWKk6cQ-EA'],OPINION_OPR,1,['VERB'],['root'],['VE'],['說']
['o0SjYocKDp'],OPINION_OPR,1,['VERB'],['root'],['VE'],['說']
['eSbcSNNq52'],OPINION_OPR,1,['VERB'],['parataxis'],['VE'],['強調']
['KPKMLFMUvj'],OPINION_OPR,1,['VERB'],['root'],['VE'],['說']
['u1_CJZstRI'],OPINION_OPR,1,['VERB'],['advcl'],['VE'],['承諾']
['2HpEXOhSUs'],OPINION_OPR,1,['VERB'],['parataxis'],['VE'],['表示']
['gsorxL1JJN'],OPINION_OPR,1,['VERB'],['root'],['VE'],['表示']
['-5qsjq4TPV'],OPINION_OPR,1,['VERB'],['root'],['VE'],['說']
['U5mBOCJihO'],OPINION_OPR,1,['VERB'],['root'],['VE'],['表示']
['vY1rE2Q8DJ'],OPINION_OPR,1,['VERB'],['advcl'],['VE'],['直言']
['1b47r2qVew'],OPINION_OPR,1,['VERB'],['root'],['VE'],['表示']
['vOAoRwJ1K0'],OPINION_OPR,1,['VERB'],['root'],['VE'],['表示']
['-gSGcbeaUG'],OPINION_OPR,1,['VERB'],['root'],['VE'],['指出']
['PM2gYu2NbA'],OPINION_OPR,1,['VERB'],['parataxis'],['VE'],['直言']
['kpCPtyE-8G'],OPINION_OPR,1,['VERB'],['parataxis'],['VE'],['指出']
['q1PX-spJdx'],OPINION_OPR,1,['VERB'],['parataxis'],['VF'],['要求']
['oCG6goxgWL'],OPINION_OPR,1,['VERB'],['advcl'],['VE'],['說']
['MjIE_rbiJP'],OPINION_OPR,1,['VERB'],['root'],['VE'],['認為']
['mOdu5oFqS7'],OPINION_OPR,2,"['VERB', 'VERB']","['advcl', 'mark']","['VD', 'VD']","['回', '覆']"
['ZGzdH3LIme'],OPINION_OPR,1,['VERB'],['root'],['VE'],['表示']
['X6404gl7MV'],OPINION_OPR,1,['AUX'],['cop'],['VE'],['表示']
['eUQrTjF9mi'],OPINION_OPR,1,['VERB'],['root'],['VC'],['拋出']
['U0BxmCNXC5'],OPINION_OPR,1,['VERB'],['root'],['VE'],['表示']
['9DuLX4cALF'],OPINION_OPR,1,['VERB'],['root'],['VE'],['表示']
['ofh9i6fekb'],OPINION_OPR,1,['VERB'],['root'],['VE'],['認為']
['YiJ50X0Iyx'],OPINION_OPR,1,['VERB'],['advcl'],['VE'],['直言']
['2JRYpN6AAC'],OPINION_OPR,1,['VERB'],['xcomp'],['VA'],['喊話']
['lBcI2sOse2'],OPINION_OPR,1,['VERB'],['acl'],['VE'],['表示']
['KS1kULWZKc'],OPINION_OPR,1,['VERB'],['root'],['VE'],['表示']
['A_TK5zAWwZ'],OPINION_OPR,1,['VERB'],['root'],['VE'],['指出']
['Zq9TxmVVe5'],OPINION_OPR,1,['VERB'],['root'],['VE'],['直言']
['3dXVjBoRKw'],OPINION_OPR,1,['VERB'],['parataxis'],['VE'],['強調']
['O7cbDzViJ0'],OPINION_OPR,1,['VERB'],['advcl'],['VK'],['感謝']
['93oVz0y6gU'],OPINION_OPR,1,['VERB'],['parataxis'],['VJ'],['謝謝']
['kkuTRZ2tOe'],OPINION_OPR,1,['VERB'],['root'],['VE'],['說']
['-YSn4j3le6'],OPINION_OPR,1,['VERB'],['advcl'],['VA'],['喊話']
['QlAaXLJcgD'],OPINION_OPR,1,['VERB'],['root'],['VH'],['無奈']
['cMYwaKKEv7'],OPINION_OPR,1,['VERB'],['root'],['VE'],['稱讚']
['2iALPf4spu'],OPINION_OPR,1,['VERB'],['parataxis'],['VE'],['表示']
['MEOsUlBo5v'],OPINION_OPR,1,['VERB'],['parataxis'],['VE'],['強調']
['-qL-lUDexs'],OPINION_OPR,1,['VERB'],['root'],['VK'],['感謝']
['eMp4H6DpCc'],OPINION_OPR,1,['VERB'],['root'],['VE'],['表示']
['qfpVW1aki6'],OPINION_OPR,1,['VERB'],['root'],['VE'],['表示']
['Rov1IF_SF4'],OPINION_OPR,1,['VERB'],['root'],['VE'],['表示']
['xcBY5-DCIn'],OPINION_OPR,1,['VERB'],['root'],['VE'],['表示']
['xRIAE9RC23'],OPINION_OPR,1,['VERB'],['root'],['VE'],['指出']
['5o2QxxxNvo'],OPINION_OPR,1,['VERB'],['root'],['VE'],['表示']
['WxDtjfTvlU'],OPINION_OPR,1,['VERB'],['root'],['VE'],['表示']
['m-kCy73YDe'],OPINION_OPR,1,['VERB'],['root'],['VE'],['表示']
['MQfee2Uwh8'],OPINION_OPR,1,['VERB'],['root'],['VE'],['表示']
['aDVODEj6Fe'],OPINION_OPR,1,['VERB'],['root'],['VE'],['指出']
['sntiYiaEsp'],OPINION_OPR,1,['VERB'],['root'],['VE'],['表示']
['tAltoPqSLU'],OPINION_OPR,1,['VERB'],['root'],['VE'],['認為']
['dk7NX9ZCow'],OPINION_OPR,1,['VERB'],['root'],['VE'],['指出']
['lmcnu4xTyK'],OPINION_OPR,1,['VERB'],['root'],['VE'],['說']
['rmPJrmH4Ah'],OPINION_OPR,1,['VERB'],['advcl'],['VE'],['質疑']
['Rlwk8L6TgB'],OPINION_OPR,1,['VERB'],['ccomp'],['VE'],['強調']
['kUpcMixQg8'],OPINION_OPR,1,['VERB'],['root'],['VE'],['說']
['4iVETnWeUL'],OPINION_OPR,1,['VERB'],['root'],['VE'],['表示']
['eVMjX-V-G5'],OPINION_OPR,1,['VERB'],['root'],['VE'],['認定']
['e-NyY4T8_X'],OPINION_OPR,1,['VERB'],['root'],['VE'],['指出']
['LrOytpa1o6'],OPINION_OPR,1,['VERB'],['root'],['VE'],['說']
['4zHeMYEDp_'],OPINION_OPR,1,['VERB'],['parataxis'],['VE'],['表示']
['i3cJLLRd27'],OPINION_OPR,1,['VERB'],['parataxis'],['VE'],['表示']
['ScsvwjgF8t'],OPINION_OPR,1,['VERB'],['root'],['VE'],['指出']
['06XOReay_i'],OPINION_OPR,1,['VERB'],['root'],['VE'],['表示']
['LFF3q92eJ2'],OPINION_OPR,1,['VERB'],['root'],['VE'],['表示']
['f1Ks3-h1Zf'],OPINION_OPR,1,['VERB'],['parataxis'],['VE'],['認為']
['FPejPYfdl3'],OPINION_OPR,1,['VERB'],['advcl'],['VE'],['表示']
['ral-uuKNAG'],OPINION_OPR,1,['VERB'],['root'],['VE'],['指出']
['aYLA5p_zU7'],OPINION_OPR,1,['VERB'],['root'],['VE'],['稱']
['oioemIWwNv'],OPINION_OPR,1,['VERB'],['advcl'],['VE'],['聲稱']
['YzuAAlHwG_'],OPINION_OPR,2,"['VERB', 'VERB']","['advcl', 'root']","['VE', 'VE']","['嗆', '言']"
['tMs-oYRF94'],OPINION_OPR,1,['VERB'],['root'],['VE'],['表示']
['-_qJ_Cc-cF'],OPINION_OPR,1,['VERB'],['root'],['VE'],['指出']
['ocldPMB1_P'],OPINION_OPR,1,['VERB'],['root'],['VE'],['指出']
['kbfHfpcL6G'],OPINION_OPR,1,['VERB'],['root'],['VE'],['指出']
['SOX4yEiNrc'],OPINION_OPR,1,['VERB'],['root'],['VA'],['舉例']
['CVPbo21pe9'],OPINION_OPR,1,['VERB'],['root'],['VE'],['強調']
['mvnBuHpf2p'],OPINION_OPR,1,['VERB'],['root'],['VE'],['指出']
['MPKLxMCiLQ'],OPINION_OPR,1,['VERB'],['root'],['VE'],['提及']
['BuwTMouAPp'],OPINION_OPR,1,['VERB'],['root'],['VE'],['指出']
['yp033Rd7zM'],OPINION_OPR,1,['VERB'],['parataxis'],['VE'],['強調']
['SvjGI6RCyk'],OPINION_OPR,1,['VERB'],['root'],['VE'],['說']
['9xchbsgpzk'],OPINION_OPR,1,['VERB'],['advcl'],['VE'],['強調']
['O6a-rfQFj8'],OPINION_OPR,1,['VERB'],['ccomp'],['VF'],['要求']
['Vx1HyTOxNK'],OPINION_OPR,1,['VERB'],['root'],['VE'],['指出']
['3p13Zmwevl'],OPINION_OPR,1,['VERB'],['root'],['VE'],['指出']
['WQtt-YxaNB'],OPINION_OPR,1,['VERB'],['root'],['VE'],['說']
['tD6vGeqX-h'],OPINION_OPR,1,['VERB'],['root'],['VE'],['指出']
['9R8aEmHo9m'],OPINION_OPR,1,['VERB'],['root'],['VE'],['強調']
['gnvaiIlj5P'],OPINION_OPR,1,['VERB'],['root'],['VE'],['表示']
['eQeSD9tOl4'],OPINION_OPR,1,['VERB'],['root'],['VE'],['指出']
['JITVdShTIz'],OPINION_OPR,1,['NOUN'],['nsubj'],['VE'],['說明']
['1yC1okTyjP'],OPINION_OPR,1,['VERB'],['root'],['VE'],['指出']
['E5w0gV-5n5'],OPINION_OPR,1,['VERB'],['root'],['VE'],['表示']
['Q7iRwNGssN'],OPINION_OPR,1,['VERB'],['advcl'],['VF'],['要求']
['g_lLpZEeiN'],OPINION_OPR,1,['VERB'],['advcl'],['VF'],['要求']
['Ar3ecYaEt1'],OPINION_OPR,1,['VERB'],['advcl'],['VE'],['答覆']
['TnPCBRoRnp'],OPINION_OPR,1,['VERB'],['root'],['VE'],['提到']
['Epd1DTxv2T'],OPINION_OPR,1,['VERB'],['root'],['VE'],['說']
['lUETOH8yIo'],OPINION_OPR,1,['VERB'],['advcl'],['VE'],['承認']
['EuBcEbmlky'],OPINION_OPR,1,['VERB'],['root'],['VC'],['回應']
['5_jeVOiaGq'],OPINION_OPR,1,['VERB'],['root'],['VE'],['指出']
['FPv2RevBoT'],OPINION_OPR,1,['VERB'],['advcl'],['VE'],['提到']
['1L91LkvE1m'],OPINION_OPR,1,['VERB'],['root'],['VE'],['強調']
['Qk_GGVrY1Q'],OPINION_OPR,1,['VERB'],['root'],['VE'],['指出']
['8oupDKK005'],OPINION_OPR,1,['VERB'],['parataxis'],['VE'],['指出']
['HJQ6WAFBep'],OPINION_OPR,1,['VERB'],['root'],['VE'],['表示']
['GR63Labw9H'],OPINION_OPR,1,['VERB'],['parataxis'],['VE'],['透露']
['Gb4aSmfONp'],OPINION_OPR,1,['VERB'],['root'],['VE'],['表示']
['jUe8QihuHf'],OPINION_OPR,1,['VERB'],['xcomp'],['VE'],['爆料']
['xUSEtsGtea'],OPINION_OPR,2,"['ADJ', 'VERB']","['advcl', 'advcl']","['VE', 'VE']","['笑', '稱']"
['Wt-iczAVQJ'],OPINION_OPR,2,"['ADJ', 'VERB']","['ccomp', 'ccomp']","['VE', 'VE']","['笑', '說']"
['gCo_0xr9uC'],OPINION_OPR,1,['VERB'],['parataxis'],['VE'],['說']
['nOqN1D6tVh'],OPINION_OPR,1,['VERB'],['parataxis'],['VE'],['說']
['2RTUTxdFBV'],OPINION_OPR,1,['VERB'],['root'],['VE'],['說']
['5b7G05h6zP'],OPINION_OPR,1,['VERB'],['ccomp'],['VE'],['說']
['fibGYs-9Dk'],OPINION_OPR,1,['VERB'],['advcl'],['VG'],['稱']
"['cU6L2X8Jgp', 'Q293XzJt-V']",OPINION_OPR,1,['NOUN'],['obj'],['Na'],['人問']
['n349u6eiVY'],OPINION_OPR,1,['VERB'],['ccomp'],['VE'],['說']
['uAkCnST7hu'],OPINION_OPR,1,['VERB'],['root'],['VE'],['表示']
['cm4fl1Koi1'],OPINION_OPR,1,['VERB'],['root'],['VE'],['表示']
['LZXy8KN1FY'],OPINION_OPR,1,['VERB'],['advcl'],['VE'],['說']
['DCeB24J5cA'],OPINION_OPR,1,['VERB'],['parataxis'],['VE'],['表示']
['FEluzSlbUU'],OPINION_OPR,1,['VERB'],['root'],['VE'],['表示']
['I1kFXYvuG4'],OPINION_OPR,1,['VERB'],['root'],['VE'],['說']
['n-L4YLOe08'],OPINION_OPR,1,['VERB'],['root'],['VE'],['說']
['ed1Y9iqlrc'],OPINION_OPR,1,['VERB'],['root'],['VE'],['表示']
['L7H_zlqNSN'],OPINION_OPR,1,['VERB'],['root'],['VC'],['回應']
['p-hU6J3zE9'],OPINION_OPR,1,['VERB'],['root'],['VE'],['表示']
['XYLD3OXAVJ'],OPINION_OPR,1,['VERB'],['root'],['VE'],['說']
['LwHvjKfYNV'],OPINION_OPR,1,['VERB'],['root'],['VE'],['宣布']
['GsODgZeEmT'],OPINION_OPR,1,['VERB'],['root'],['VE'],['表示']
['zHm5tVNosB'],OPINION_OPR,1,['VERB'],['root'],['VE'],['指出']
['JYCbINxMs6'],OPINION_OPR,1,['VERB'],['root'],['VE'],['說明']
['MdIXgKRdRb'],OPINION_OPR,1,['VERB'],['root'],['VE'],['表示']
['MsNoHywMA0'],OPINION_OPR,1,['VERB'],['root'],['VE'],['回顧']
['xiIphXgg-p'],OPINION_OPR,1,['VERB'],['root'],['VE'],['指出']
['bEK2COq0sX'],OPINION_OPR,1,['VERB'],['advcl'],['VE'],['質疑']
['S_w3Fsv8M5'],OPINION_OPR,1,['VERB'],['advcl'],['VE'],['質疑']
['dGQEYB2sTz'],OPINION_OPR,1,['VERB'],['root'],['VE'],['指出']
['5yBVgXvf6_'],OPINION_OPR,1,['VERB'],['root'],['VE'],['認為']
['s1tteOmqS-'],OPINION_OPR,1,['VERB'],['parataxis'],['VC'],['批評']
['fGpgDq61S_'],OPINION_OPR,1,['VERB'],['advcl'],['VE'],['質疑']
['48uqi3S4uq'],OPINION_OPR,1,['VERB'],['root'],['VC'],['批評']
['9tKo8md-4e'],OPINION_OPR,1,['VERB'],['acl'],['VE'],['表示']
['QxZWUj5qjD'],OPINION_OPR,1,['VERB'],['root'],['VE'],['提及']
['2bbMvVqAsE'],OPINION_OPR,1,['VERB'],['root'],['VE'],['指出']
['vc9IyFP1FT'],OPINION_OPR,1,['VERB'],['root'],['VE'],['強調']
['6fccoDrCNs'],OPINION_OPR,1,['VERB'],['root'],['VE'],['表示']
['RUdkJn60RA'],OPINION_OPR,1,['VERB'],['root'],['VE'],['指出']
['YCBzItPskA'],OPINION_OPR,1,['VERB'],['root'],['VE'],['指出']
['K3cVCRV2b0'],OPINION_OPR,1,['VERB'],['advcl'],['VE'],['宣布']
['qXnsOET22o'],OPINION_OPR,1,['VERB'],['root'],['VE'],['指出']
['5xPFYZBbha'],OPINION_OPR,1,['VERB'],['root'],['VE'],['說']
['b0z2MYb0uS'],OPINION_OPR,1,['VERB'],['root'],['VE'],['指出']
['p31dG6WyPQ'],OPINION_OPR,1,['VERB'],['root'],['VE'],['表示']
['5BAQiDW1Rf'],OPINION_OPR,1,['VERB'],['root'],['VE'],['指出']
['cGsGZIZOeD'],OPINION_OPR,1,['VERB'],['root'],['VE'],['認為']
['N_rtunhtmL'],OPINION_OPR,1,['VERB'],['root'],['VE'],['說']
['qJgIt1m-KE'],OPINION_OPR,1,['NOUN'],['advcl'],['VH'],['大酸']
['sa3YCkjQTB'],OPINION_OPR,1,['VERB'],['root'],['VE'],['表示']
['byyfH0wDss'],OPINION_OPR,1,['VERB'],['root'],['VE'],['表示']
['sz8AOo1Xqu'],OPINION_OPR,2,"['PROPN', 'PART']","['compound', 'nsubj']","['Na', 'VH']","['慧大', '酸']"
['E4A_NpfhrJ'],OPINION_OPR,1,['VERB'],['advcl'],['VE'],['強調']
['hdonVUs7JW'],OPINION_OPR,1,['VERB'],['advcl'],['VE'],['建議']
['xKc_Zj7xCn'],OPINION_OPR,1,['VERB'],['root'],['VE'],['認定']
['Gc7xVRIEkp'],OPINION_OPR,1,['VERB'],['parataxis'],['VE'],['說']
['jjzRxYsvmi'],OPINION_OPR,1,['VERB'],['root'],['VE'],['強調']
['jVFQFwqEpl'],OPINION_OPR,1,['VERB'],['root'],['VE'],['表示']
['VGtSpTwnvG'],OPINION_OPR,1,['VERB'],['root'],['VE'],['強調']
['e6pM8SIruu'],OPINION_OPR,1,['VERB'],['root'],['VE'],['詢問']
['fh9Yl97EDT'],OPINION_OPR,1,['VERB'],['advcl'],['VE'],['回答']
['9zK8yZPwlG'],OPINION_OPR,1,['VERB'],['root'],['VC'],['回應']
['F9n9kzmIBR'],OPINION_OPR,1,['VERB'],['root'],['VE'],['強調']
['cehI5cb5Ew'],OPINION_OPR,1,['VERB'],['root'],['VE'],['認為']
['RKa7Wr3v82'],OPINION_OPR,1,['PROPN'],['flat:name'],['VE'],['重申']
['F2YO-2hFWh'],OPINION_OPR,1,['VERB'],['advcl'],['VE'],['追問']
['lemIQh-WW9'],OPINION_OPR,1,['VERB'],['root'],['VC'],['回應']
['A_FCw_FzKR'],OPINION_OPR,1,['VERB'],['root'],['D'],['再問']
['7oG53bgE7e'],OPINION_OPR,1,['VERB'],['root'],['VE'],['回']
['eIN3vE3ukZ'],OPINION_OPR,1,['VERB'],['root'],['VE'],['說']
['uWFtzKUbye'],OPINION_OPR,1,['VERB'],['root'],['VE'],['指出']
['wvnfrWqHk5'],OPINION_OPR,1,['VERB'],['root'],['VC'],['揭露']
['Y1wYHYYkfn'],OPINION_OPR,1,['VERB'],['root'],['VE'],['指出']
['arpm7o3bdh'],OPINION_OPR,1,['VERB'],['root'],['VE'],['表示']
['TWGaA2hkc7'],OPINION_OPR,1,['VERB'],['root'],['VE'],['指出']
['fa9EKPsQ1J'],OPINION_OPR,1,['VERB'],['parataxis'],['VE'],['說']
['8PUb14GapC'],OPINION_OPR,1,['VERB'],['root'],['VE'],['說']
['28XLvkl5dE'],OPINION_OPR,1,['VERB'],['ccomp'],['VE'],['說']
['TeA8pVZkeV'],OPINION_OPR,1,['VERB'],['advcl'],['VK'],['感謝']
['leooPhsNtg'],OPINION_OPR,1,['VERB'],['root'],['VE'],['說']
['oLCzqRPiSF'],OPINION_OPR,1,['VERB'],['root'],['VE'],['強調']
['UZi0W_XSWS'],OPINION_OPR,1,['VERB'],['root'],['VE'],['說']
['JmGHAUMoX7'],OPINION_OPR,1,['VERB'],['root'],['VE'],['說']
['uBrN6RwTfp'],OPINION_OPR,1,['VERB'],['parataxis'],['VE'],['表示']
['XmKtj_Niyk'],OPINION_OPR,1,['VERB'],['root'],['VE'],['表示']
['EV-BWaPc0W'],OPINION_OPR,2,"['NOUN', 'VERB']","['nsubj', 'advcl']","['Nc', 'VC']","['宇怒', '批']"
['Bj634b-hO-'],OPINION_OPR,1,['VERB'],['root'],['VA'],['留言']
['wXi8vB9IjO'],OPINION_OPR,1,['VERB'],['parataxis'],['VE'],['指出']
['dHbDh7rsae'],OPINION_OPR,2,"['NOUN', 'VERB']","['nsubj', 'ccomp']","['VC', 'VC']","['學痛', '批']"
['JHkDFDR4ry'],OPINION_OPR,1,['VERB'],['root'],['VE'],['表示']
['keUkGoZBDk'],OPINION_OPR,1,['VERB'],['advcl'],['VE'],['質疑']
['d_wZtpoFxk'],OPINION_OPR,1,['VERB'],['root'],['VE'],['提醒']
['BbOyI4zZz1'],OPINION_OPR,1,['VERB'],['root'],['VE'],['表示']
['qJIL1GGWZf'],OPINION_OPR,1,['VERB'],['root'],['VE'],['指出']
['PB4TdkHXrK'],OPINION_OPR,1,['VERB'],['root'],['VE'],['提到']
['yJGbzwW101'],OPINION_OPR,1,['VERB'],['root'],['VE'],['說']
['1tMVxx_PsP'],OPINION_OPR,1,['VERB'],['root'],['VE'],['表示']
['gtpNCpsZ5b'],OPINION_OPR,1,['VERB'],['root'],['VE'],['表示']
['IU8JbggY1i'],OPINION_OPR,1,['VERB'],['root'],['VE'],['說']
['0TCcBjo4Vg'],OPINION_OPR,1,['VERB'],['root'],['VE'],['詢問']
['omx89xHL4x'],OPINION_OPR,1,['VERB'],['root'],['VC'],['邀請']
['3bXLg3w8Ks'],OPINION_OPR,1,['VERB'],['root'],['VE'],['說']
['p9JE8MA81C'],OPINION_OPR,1,['VERB'],['root'],['VE'],['指出']
['Wwmu4l0irk'],OPINION_OPR,1,['VERB'],['root'],['VE'],['說']
['T135YRsgxQ'],OPINION_OPR,1,['VERB'],['root'],['VE'],['表示']
['jRBzo9Hbbp'],OPINION_OPR,1,['VERB'],['parataxis'],['VC'],['揭露']
['LPQufU7xi7'],OPINION_OPR,1,['VERB'],['root'],['VE'],['指出']
['IPakLrVRlz'],OPINION_OPR,1,['NOUN'],['nmod'],['VC'],['勉勵']
['_TCjM8EJrV'],OPINION_OPR,1,['VERB'],['parataxis'],['VE'],['強調']
['29uv8CPxZq'],OPINION_OPR,1,['VERB'],['root'],['VE'],['指出']
['BpGli3vTer'],OPINION_OPR,1,['VERB'],['root'],['VE'],['說']
['X8XPcQKid4'],OPINION_OPR,1,['VERB'],['root'],['VE'],['表示']
['X9fM2EBCQX'],OPINION_OPR,1,['VERB'],['root'],['VE'],['說']
['K1QEv3DGtb'],OPINION_OPR,1,['VERB'],['root'],['VE'],['表示']
['YDEq7kh0CQ'],OPINION_OPR,1,['VERB'],['ccomp'],['VE'],['說']
['l5Bq9jO8XB'],OPINION_OPR,1,['VERB'],['root'],['VE'],['表示']
['NUOqzSce5C'],OPINION_OPR,1,['VERB'],['xcomp'],['VE'],['說']
['PESHdDSyCD'],OPINION_OPR,1,['VERB'],['root'],['VE'],['盛讚']
['bYZ0opSail'],OPINION_OPR,1,['VERB'],['ccomp'],['VE'],['報導']
['fSaBrgMLq_'],OPINION_OPR,1,['VERB'],['parataxis'],['VE'],['證實']
['xhN4ZitCHh'],OPINION_OPR,1,['VERB'],['root'],['VE'],['認為']
['9tINp89bSb'],OPINION_OPR,1,['VERB'],['advcl'],['VC'],['指責']
['tOSTj09EKU'],OPINION_OPR,1,['VERB'],['root'],['VE'],['笑說']
['vJDsAyqWpA'],OPINION_OPR,1,['VERB'],['root'],['VC'],['指責']
['jAsMxffJ0d'],OPINION_OPR,1,['ADV'],['advmod'],['VE'],['坦言']
['w2qKHSw4TL'],OPINION_OPR,1,['VERB'],['parataxis'],['VE'],['承認']
['ErO242bOFh'],OPINION_OPR,1,['VERB'],['advcl'],['VK'],['理解']
['grSs8Ap_PZ'],OPINION_OPR,1,['VERB'],['root'],['VK'],['擔憂']
['-Zt9RtgoNb'],OPINION_OPR,1,['VERB'],['root'],['VE'],['表示']
['M6c9W5Jz_T'],OPINION_OPR,1,['VERB'],['root'],['VE'],['宣布']
['6L1f84Hdyc'],OPINION_OPR,1,['VERB'],['root'],['VE'],['指出']
['TylEGHdVR-'],OPINION_OPR,1,['VERB'],['root'],['VE'],['指出']
['sAkJEUF2UB'],OPINION_OPR,1,['VERB'],['advcl'],['VE'],['解釋']
['64Dy8dTb4T'],OPINION_OPR,1,['VERB'],['ccomp'],['VE'],['說']
['Fp4TpijP7X'],OPINION_OPR,1,['VERB'],['ccomp'],['VC'],['回應']
['W_BNgJZLgS'],OPINION_OPR,1,['VERB'],['root'],['VE'],['說']
['cxZXpETo5B'],OPINION_OPR,1,['VERB'],['root'],['VE'],['提到']
['PEe39ReHFN'],OPINION_OPR,1,['VERB'],['parataxis'],['VE'],['指出']
['ToxY-wGW3x'],OPINION_OPR,1,['VERB'],['root'],['VE'],['認為']
['7DO_lvhL8A'],OPINION_OPR,1,['VERB'],['xcomp'],['VC'],['勉勵']
['x9U9SaajSD'],OPINION_OPR,1,['VERB'],['parataxis'],['VE'],['詢問']
['OoVGQiiUTS'],OPINION_OPR,1,['VERB'],['advcl'],['VH'],['宜說']
['u603LSbs2C'],OPINION_OPR,1,['VERB'],['root'],['VE'],['表示']
['mJkekiugbh'],OPINION_OPR,1,['VERB'],['root'],['VE'],['說']
['UGKQvasC_K'],OPINION_OPR,1,['VERB'],['root'],['VE'],['詢問']
['kRWX-tuMRu'],OPINION_OPR,1,['VERB'],['parataxis'],['VE'],['表示']
"['HkhO2Tqqwd', 'oa0M6BBk2z', 'Izn0nQvOEt']",OPINION_OPR,1,['VERB'],['parataxis'],['Nb'],['柯說']
['yTG9GtSV3_'],OPINION_OPR,1,['VERB'],['root'],['VH'],['宜說']
['A5FKgzAI37'],OPINION_OPR,1,['VERB'],['advcl'],['VE'],['表示']
['__db0H_eap'],OPINION_OPR,1,['VERB'],['parataxis'],['VE'],['說']
['NsSPoQ6Uqi'],OPINION_OPR,1,['VERB'],['root'],['VE'],['說']
['2gGM-NMSYg'],OPINION_OPR,1,['VERB'],['parataxis'],['VE'],['表示']
['xtqkKgtvWq'],OPINION_OPR,1,['VERB'],['root'],['VE'],['說']
['qOqedCYoDW'],OPINION_OPR,2,"['ADV', 'VERB']","['advmod', 'advcl']","['VE', 'VE']","['坦', '言']"
['_jg0IiKpqJ'],OPINION_OPR,1,['VERB'],['root'],['VE'],['認為']
['llp_op47-x'],OPINION_OPR,1,['VERB'],['root'],['VA'],['舉例']
['MPrweGSOjq'],OPINION_OPR,1,['VERB'],['root'],['VE'],['表示']
['GauWHT2InM'],OPINION_OPR,1,['VERB'],['root'],['VE'],['說']
['fcniWatxme'],OPINION_OPR,1,['VERB'],['root'],['VE'],['說']
['n2wkAXsVKz'],OPINION_OPR,1,['VERB'],['root'],['VE'],['認為']
['gJy5gUekEM'],OPINION_OPR,1,['VERB'],['root'],['VE'],['認為']
['2M__3cryGb'],OPINION_OPR,1,['VERB'],['root'],['VE'],['指出']
['xQAhNCUB2o'],OPINION_OPR,1,['VERB'],['root'],['VE'],['認為']
['nCmCzvtXl9'],OPINION_OPR,1,['VERB'],['root'],['VE'],['指出']
['ZfZcid54gy'],OPINION_OPR,1,['VERB'],['root'],['VE'],['指出']
['TXK8bb2Vkh'],OPINION_OPR,1,['VERB'],['root'],['VE'],['強調']
['jSBEpSQKIl'],OPINION_OPR,1,['VERB'],['advcl'],['D'],['直呼']
['ahLHR9LeAR'],OPINION_OPR,1,['VERB'],['parataxis'],['VE'],['問道']
['N4IZnnGiIE'],OPINION_OPR,1,['VERB'],['advcl'],['VE'],['回答']
['-S6ukfrXZj'],OPINION_OPR,1,['VERB'],['parataxis'],['VE'],['大喊']
['vzfUXIL5Ub'],OPINION_OPR,1,['VERB'],['root'],['VE'],['追問']
['Kx-amoQ481'],OPINION_OPR,1,['VERB'],['advcl'],['VE'],['回答']
['7zAlF-KOCH'],OPINION_OPR,1,['VERB'],['root'],['VE'],['說']
['lLJ1mysfvq'],OPINION_OPR,1,['VERB'],['parataxis'],['VE'],['表示']
['wAKXzaTVlP'],OPINION_OPR,1,['VERB'],['advcl'],['VE'],['問盧']
['SARgIWWIq8'],OPINION_OPR,1,['VERB'],['root'],['VE'],['說']
['kC17_04r4B'],OPINION_OPR,1,['VERB'],['root'],['VE'],['問道']
['3dbKQ8khvb'],OPINION_OPR,1,['VERB'],['xcomp'],['VE'],['回答']
['QW25dTDT6B'],OPINION_OPR,2,"['VERB', 'VERB']","['ccomp', 'xcomp']","['VE', 'VE']","['問', '道']"
['sLlZUQvciG'],OPINION_OPR,1,['VERB'],['parataxis'],['VE'],['解釋']
['lzT6wnvnul'],OPINION_OPR,1,['VERB'],['advcl'],['VE'],['說']
['fno_GkCTvm'],OPINION_OPR,1,['VERB'],['advcl'],['VE'],['說']
['K8LeITlZcR'],OPINION_OPR,1,['VERB'],['root'],['VE'],['表示']
['QdH0bxyvbs'],OPINION_OPR,1,['VERB'],['advcl'],['VE'],['報導']
['9wpf82Mjc4'],OPINION_OPR,1,['VERB'],['root'],['VE'],['表示']
['8z4inCxVGp'],OPINION_OPR,1,['VERB'],['root'],['VE'],['說明']
['mdnPigS-ci'],OPINION_OPR,1,['VERB'],['root'],['VE'],['提醒']
['jDwArKjQuW'],OPINION_OPR,1,['VERB'],['root'],['VE'],['說']
['cBUC6LwpYu'],OPINION_OPR,1,['VERB'],['parataxis'],['VE'],['強調']
['ajZCYzHSRY'],OPINION_OPR,1,['VERB'],['root'],['VE'],['表示']
['2bqbGaEelv'],OPINION_OPR,1,['VERB'],['root'],['VE'],['說']
['5gDxL8Hqoy'],OPINION_OPR,1,['VERB'],['root'],['VE'],['說']
['Ee3pQMVU68'],OPINION_OPR,1,['VERB'],['root'],['VE'],['表示']
['q_vzBZm7cP'],OPINION_OPR,1,['VERB'],['advcl'],['VC'],['表達']
['PIcaR_sUH8'],OPINION_OPR,1,['VERB'],['root'],['VE'],['指出']
['HdGZEuPGCG'],OPINION_OPR,1,['VERB'],['root'],['VE'],['表示']
['8AVSf_DoEF'],OPINION_OPR,1,['VERB'],['root'],['VE'],['強調']
['ZZsCXBOkOJ'],OPINION_OPR,1,['VERB'],['parataxis'],['VE'],['表示']
['g64so8B78i'],OPINION_OPR,1,['VERB'],['ccomp'],['VE'],['說']
['O6TM4wgiph'],OPINION_OPR,1,['VERB'],['advcl'],['VE'],['說']
['-Yn-WN2WbP'],OPINION_OPR,1,['VERB'],['root'],['VE'],['說']
['5Koi2ss_wm'],OPINION_OPR,1,['VERB'],['root'],['VE'],['說']
['X4a8BTORix'],OPINION_OPR,1,['VERB'],['advcl'],['VE'],['說']
['qXR4uM3Oth'],OPINION_OPR,1,['VERB'],['root'],['VE'],['說']
['AbzcmqOpkW'],OPINION_OPR,1,['VERB'],['root'],['VE'],['表示']
['SkwazdUBJ0'],OPINION_OPR,1,['VERB'],['root'],['VE'],['表示']
['EBeJH2I59U'],OPINION_OPR,1,['VERB'],['root'],['VE'],['說明']
['GKuOW2EAsb'],OPINION_OPR,1,['VERB'],['root'],['VE'],['表示']
['qPRPeJglpS'],OPINION_OPR,1,['VERB'],['root'],['VE'],['強調']
['3tpRVtjyBx'],OPINION_OPR,1,['VERB'],['root'],['VE'],['說']
['yBLvi7-WQ1'],OPINION_OPR,1,['VERB'],['parataxis'],['VE'],['認為']
['BNxrC8Uqpk'],OPINION_OPR,1,['VERB'],['xcomp'],['VE'],['說']
['3MPiLfsJ8o'],OPINION_OPR,1,['VERB'],['root'],['VE'],['表示']
['J_NVq8g98z'],OPINION_OPR,1,['VERB'],['advcl'],['VE'],['強調']
['CfSFh7nV4g'],OPINION_OPR,1,['VERB'],['root'],['VE'],['宣布']
['Z4qZRfOmiC'],OPINION_OPR,1,['VERB'],['root'],['VJ'],['推崇']
['0clmHrFe8W'],OPINION_OPR,1,['VERB'],['root'],['VE'],['表示']
['_zTnpSL-BW'],OPINION_OPR,1,['VERB'],['root'],['VC'],['邁說']
['DYRPnePL-K'],OPINION_OPR,1,['VERB'],['root'],['VK'],['感謝']
['w2jgqxkgKJ'],OPINION_OPR,1,['VERB'],['advcl'],['VK'],['感謝']
['j2v1haHuBn'],OPINION_OPR,2,"['VERB', 'PROPN']","['root', 'nsubj']","['VC', 'VC']","['邁期', '許']"
['S2Cueno-IB'],OPINION_OPR,1,['VERB'],['advcl'],['VE'],['說']
['JNvQLvMVnq'],OPINION_OPR,1,['VERB'],['root'],['VE'],['說']
['FPGfWmMuwD'],OPINION_OPR,1,['VERB'],['root'],['VE'],['說']
['7D0NXqIXPF'],OPINION_OPR,1,['VERB'],['root'],['VE'],['說']
['nI3kO8H6YJ'],OPINION_OPR,1,['VERB'],['root'],['VE'],['表示']
['5TXH4QQyqI'],OPINION_OPR,1,['VERB'],['root'],['VE'],['說']
['t3jfEW6P0s'],OPINION_OPR,1,['VERB'],['parataxis'],['VE'],['表示']
['tY8mWgfbEh'],OPINION_OPR,1,['VERB'],['advcl'],['VC'],['祝福']
['NtDQR-CIlv'],OPINION_OPR,1,['VERB'],['root'],['VE'],['說']
['CP-15g61dY'],OPINION_OPR,1,['VERB'],['root'],['VE'],['詢問']
['-Gn_VY2tuF'],OPINION_OPR,1,['VERB'],['root'],['VE'],['表示']
['93c3PgntR7'],OPINION_OPR,1,['VERB'],['root'],['VE'],['表示']
['5ZYkNCAw-8'],OPINION_OPR,1,['VERB'],['parataxis'],['VE'],['說']
['4bpwElVbgW'],OPINION_OPR,1,['VERB'],['root'],['VE'],['指出']
['d8roA38Obo'],OPINION_OPR,1,['VERB'],['root'],['VE'],['重申']
['x5bC3yEBvG'],OPINION_OPR,1,['VERB'],['root'],['VE'],['表示']
['TGjs-SYWII'],OPINION_OPR,1,['VERB'],['parataxis'],['VE'],['表示']
['Ni8NBtqyNe'],OPINION_OPR,1,['VERB'],['root'],['VC'],['批評']
['2eSZgsrY1t'],OPINION_OPR,1,['VERB'],['root'],['VE'],['強調']
['ckatW3I-JF'],OPINION_OPR,1,['VERB'],['root'],['VE'],['強調']
['O0MNz8EgTq'],OPINION_OPR,1,['VERB'],['root'],['VE'],['問及']
['RST2H4MQTS'],OPINION_OPR,2,"['PROPN', 'VERB']","['flat:name', 'root']","['D', 'VE']","['重澄', '清']"
['tcHkNUufX9'],OPINION_OPR,1,['VERB'],['root'],['VE'],['表示']
['31NyxDK_tq'],OPINION_OPR,1,['VERB'],['root'],['VE'],['追問']
['Au2P_k5hcs'],OPINION_OPR,1,['VERB'],['root'],['VE'],['說明']
['w1vDO9sgSt'],OPINION_OPR,1,['VERB'],['root'],['VE'],['表示']
['hYprCF1b_a'],OPINION_OPR,1,['VERB'],['root'],['VC'],['引述']
['osofM7wIfz'],OPINION_OPR,1,['VERB'],['parataxis'],['VE'],['強調']
['4zwPyOCm1y'],OPINION_OPR,1,['VERB'],['root'],['VJ'],['分享']
['TzjxmL2gzV'],OPINION_OPR,1,['VERB'],['root'],['VE'],['表示']
['bsDiX1cLbx'],OPINION_OPR,1,['VERB'],['root'],['VE'],['表示']
['vpRNCOW2Jq'],OPINION_OPR,1,['VERB'],['root'],['VE'],['說明']
['NgI0KN42TH'],OPINION_OPR,1,['VERB'],['root'],['VK'],['感謝']
['BG7aS07H5R'],OPINION_OPR,1,['VERB'],['root'],['VE'],['強調']
['2aZBTlu1m6'],OPINION_OPR,1,['VERB'],['xcomp'],['VE'],['說']
['C3xM_MqKZv'],OPINION_OPR,1,['VERB'],['root'],['VE'],['指出']
['-eJGV_GiDN'],OPINION_OPR,1,['VERB'],['root'],['VE'],['宣示']
['edFKIiBdgE'],OPINION_OPR,1,['VERB'],['root'],['VE'],['強調']
['LoJXpiW7lI'],OPINION_OPR,1,['VERB'],['root'],['VE'],['提到']
['5fnce1f-gu'],OPINION_OPR,1,['VERB'],['root'],['VE'],['說']
['GCgi2wQEUK'],OPINION_OPR,1,['VERB'],['root'],['VE'],['表示']
['3wiwoxAIKt'],OPINION_OPR,1,['VERB'],['root'],['VC'],['表達']
['kXlTW2LcZp'],OPINION_OPR,1,['VERB'],['root'],['VC'],['回應']
['dsnAVwmrby'],OPINION_OPR,1,['VERB'],['parataxis'],['VE'],['表示']
['5Q4y4l5nKq'],OPINION_OPR,1,['VERB'],['parataxis'],['VE'],['表示']
['0b_KXoqUPk'],OPINION_OPR,1,['VERB'],['root'],['VK'],['相信']
['qQ7Wq4bTCc'],OPINION_OPR,1,['VERB'],['root'],['VE'],['指出']
['76wIdYcu6X'],OPINION_OPR,1,['VERB'],['root'],['VE'],['表示']
['bNobzgMhmS'],OPINION_OPR,1,['VERB'],['root'],['VE'],['表示']
['Bjf5G3743v'],OPINION_OPR,1,['VERB'],['root'],['VE'],['說']
['EonUUdWnCa'],OPINION_OPR,1,['VERB'],['root'],['VE'],['說']
['TImT-vRfvf'],OPINION_OPR,1,['VERB'],['root'],['VE'],['表示']
['7-6Y3dkvLn'],OPINION_OPR,1,['VERB'],['ccomp'],['VE'],['否認']
['e5KeyybpWF'],OPINION_OPR,1,['VERB'],['ccomp'],['VE'],['透露']
['WvSQGkEUwe'],OPINION_OPR,1,['VERB'],['root'],['VE'],['說']
['wl_6zs_tpg'],OPINION_OPR,1,['VERB'],['advcl'],['VE'],['透露']
['JW1hpWU9v9'],OPINION_OPR,1,['VERB'],['root'],['VE'],['說']
['7jo4PODLiY'],OPINION_OPR,1,['VERB'],['root'],['VE'],['表示']
['512xtWf0xN'],OPINION_OPR,1,['VERB'],['root'],['VE'],['認為']
['6wzg-iu7vd'],OPINION_OPR,3,"['ADV', 'AUX', 'VERB']","['advmod', 'aux', 'root']","['VE', 'VE', 'VE']","['不', '諱', '言']"
['t0MRr0vmsJ'],OPINION_OPR,1,['VERB'],['root'],['VE'],['指出']
"['5gjDWOBohL', 'fxuLZefYRb']",OPINION_OPR,1,['PROPN'],['nmod'],['Na'],['立委批']
['sGVyy4eA8U'],OPINION_OPR,1,['PART'],['nsubj'],['VC'],['批']
['IUn4Q8XiO9'],OPINION_OPR,1,['VERB'],['root'],['VC'],['指']
['7h6TJr3wko'],OPINION_OPR,1,['VERB'],['root'],['VE'],['表示']
['TqL1mg328r'],OPINION_OPR,1,['VERB'],['advcl'],['VE'],['強調']
['HZGLnoxkMe'],OPINION_OPR,1,['VERB'],['ccomp'],['VE'],['聲稱']
['YW89eYXhFM'],OPINION_OPR,1,['VERB'],['advcl'],['VE'],['宣稱']
['1XZn4AGIqy'],OPINION_OPR,1,['VERB'],['root'],['VC'],['批評']
['w5uqEcwiyh'],OPINION_OPR,1,['VERB'],['root'],['VE'],['指出']
['ZJNdTVgKsB'],OPINION_OPR,1,['VERB'],['root'],['VC'],['分析']
['lBhBXhdl4b'],OPINION_OPR,1,['VERB'],['root'],['VE'],['提到']
['8PpgdgUUm9'],OPINION_OPR,1,['VERB'],['parataxis'],['VE'],['認為']
['gUUdXyMOsB'],OPINION_OPR,1,['VERB'],['ccomp'],['VE'],['解釋']
['A3J0hc6CK6'],OPINION_OPR,1,['VERB'],['root'],['VE'],['解釋']
['aWwJWqmycK'],OPINION_OPR,1,['VERB'],['root'],['VE'],['指出']
['nEm4R2n4qo'],OPINION_OPR,1,['VERB'],['root'],['VE'],['研判']
['N_xWC04hRj'],OPINION_OPR,1,['VERB'],['root'],['VE'],['認為']
['5FTcrGWZwQ'],OPINION_OPR,1,['VERB'],['root'],['VE'],['認為']
['yVjMfQd5UO'],OPINION_OPR,1,['VERB'],['parataxis'],['VE'],['表示']
['oHcliKQadU'],OPINION_OPR,1,['VERB'],['root'],['VE'],['說']
['Wl76cdF13I'],OPINION_OPR,1,['VERB'],['root'],['VE'],['表示']
['cZUzhdhohi'],OPINION_OPR,1,['VERB'],['advcl'],['VE'],['細說']
['mcFdXSQZvd'],OPINION_OPR,1,['VERB'],['root'],['VE'],['說']
['374j3sHmJB'],OPINION_OPR,1,['VERB'],['advcl'],['VE'],['表示']
['--vO4ZXdx7'],OPINION_OPR,1,['VERB'],['root'],['VE'],['強調']
['nSjFF45HmG'],OPINION_OPR,1,['VERB'],['root'],['VE'],['說']
['Le-zlKL5qy'],OPINION_OPR,1,['VERB'],['root'],['VF'],['要求']
['pti0zr7yo1'],OPINION_OPR,2,"['PART', 'VERB']","['nsubj', 'parataxis']","['VK', 'VK']","['期', '盼']"
['T-GMyF4I0p'],OPINION_OPR,2,"['ADV', 'VERB']","['advmod', 'root']","['Dfa', 'VC']","['更怒', '轟']"
['ktAR_IjhRE'],OPINION_OPR,1,['VERB'],['root'],['VE'],['強調']
['9_QU1JXHRC'],OPINION_OPR,1,['VERB'],['root'],['VE'],['說']
['1D6AAItu1Y'],OPINION_OPR,1,['VERB'],['root'],['VE'],['強調']
['6SZzjwwkZ0'],OPINION_OPR,1,['VERB'],['parataxis'],['VE'],['指出']
['QT4hxcD13T'],OPINION_OPR,1,['VERB'],['root'],['VC'],['批評']
['up0NEzaERn'],OPINION_OPR,1,['VERB'],['advcl'],['VK'],['希望']
['pK4xEohyMj'],OPINION_OPR,1,['VERB'],['root'],['VE'],['宣布']
['OPH1qmeDeK'],OPINION_OPR,1,['VERB'],['root'],['VE'],['透露']
['HL_ojtpQgW'],OPINION_OPR,1,['VERB'],['root'],['VE'],['指出']
['1IsT2IX6JN'],OPINION_OPR,1,['VERB'],['root'],['VE'],['聲稱']
['cg3chyx-j8'],OPINION_OPR,1,['VERB'],['root'],['VE'],['指稱']
['EYbxChTIFX'],OPINION_OPR,1,['VERB'],['root'],['VE'],['宣布']
['-jNiYHUmlE'],OPINION_OPR,2,"['VERB', 'VERB']","['parataxis', 'mark']","['VG', 'VG']","['斥', '為']"
['vUGhHISofh'],OPINION_OPR,1,['VERB'],['root'],['VE'],['直言']
['gJOkaOo55u'],OPINION_OPR,1,['VERB'],['root'],['VE'],['強調']
['O2Xw6aipw5'],OPINION_OPR,1,['VERB'],['root'],['VE'],['提及']
['In8HoOHSFX'],OPINION_OPR,1,['VERB'],['root'],['VC'],['回應']
['IcDknJAnP6'],OPINION_OPR,1,['VERB'],['root'],['VE'],['直言']
['qsn0QNA_S_'],OPINION_OPR,1,['VERB'],['root'],['VE'],['指出']
['2zNhD4e-uQ'],OPINION_OPR,1,['VERB'],['root'],['VE'],['指出']
['xFxlUfe5ff'],OPINION_OPR,1,['VERB'],['root'],['VE'],['說']
['KSjIQ7CnFK'],OPINION_OPR,1,['VERB'],['advcl'],['VE'],['強調']
['a-vXN5Udx2'],OPINION_OPR,1,['VERB'],['root'],['VE'],['說']
['EQmodpaL2H'],OPINION_OPR,1,['VERB'],['root'],['VE'],['表示']
['Tjto8wxBbD'],OPINION_OPR,1,['VERB'],['advcl'],['VE'],['說']
['B5qJWLHCKc'],OPINION_OPR,1,['VERB'],['root'],['VE'],['表示']
['3rLl28jfKF'],OPINION_OPR,1,['VERB'],['advcl'],['VE'],['報導']
['CGXwKNEDAZ'],OPINION_OPR,1,['VERB'],['root'],['VE'],['表示']
['P4mVckV9C5'],OPINION_OPR,1,['VERB'],['advcl'],['VE'],['提到']
['gOa1H8jbbi'],OPINION_OPR,1,['VERB'],['root'],['VE'],['指出']
['G6wl7-piIZ'],OPINION_OPR,1,['VERB'],['root'],['VE'],['透露']
['doZ_Jo1otw'],OPINION_OPR,1,['VERB'],['root'],['VE'],['指出']
['rSEo6URy3j'],OPINION_OPR,1,['VERB'],['parataxis'],['VE'],['透露']
['nGYzOEhtXL'],OPINION_OPR,1,['VERB'],['root'],['VE'],['表示']
['wZHJPyYz8O'],OPINION_OPR,1,['VERB'],['root'],['VE'],['說']
['bbmEu58Pxp'],OPINION_OPR,1,['VERB'],['root'],['VE'],['說']
['s_UTZHmD09'],OPINION_OPR,1,['VERB'],['root'],['VE'],['表示']
['kwzUD8WZfr'],OPINION_OPR,1,['VERB'],['root'],['VE'],['說']
['ogmWzgope6'],OPINION_OPR,1,['VERB'],['advcl'],['VK'],['感謝']
['LHmGE9p20E'],OPINION_OPR,2,"['PROPN', 'PROPN']","['nmod', 'nmod']","['Nh', 'Na']","['他祝', '福國']"
['9A1fj_KrM_'],OPINION_OPR,1,['VERB'],['root'],['VE'],['宣稱']
['kt6eLVDu_a'],OPINION_OPR,1,['VERB'],['root'],['VE'],['報導']
['WNFu8wZli5'],OPINION_OPR,1,['VERB'],['advcl'],['VE'],['提到']
['jFm6lXf0yT'],OPINION_OPR,1,['VERB'],['advcl'],['VE'],['稱']
['q3jdn5goU2'],OPINION_OPR,1,['VERB'],['root'],['VE'],['指出']
['uhDZFVVs1R'],OPINION_OPR,1,['VERB'],['root'],['VE'],['說']
['I4CU5NvYZH'],OPINION_OPR,1,['VERB'],['root'],['VE'],['說']
['bCtAAuMOQ_'],OPINION_OPR,1,['VERB'],['root'],['VE'],['強調']
['40GyK5t6Ok'],OPINION_OPR,1,['VERB'],['root'],['VA'],['喊話']
['Gl6wzIowXi'],OPINION_OPR,1,['VERB'],['root'],['VE'],['表示']
['t4b8An9wLq'],OPINION_OPR,1,['VERB'],['root'],['VE'],['表示']
"['dbztS_Ec2s', 'oq1L4IFW_3', 'Jcjk9Ef7tO']",OPINION_OPR,1,['VERB'],['root'],['Nb'],['賴說']
['oSHzxKpIze'],OPINION_OPR,1,['VERB'],['root'],['VE'],['認為']
['enmMEGOFAR'],OPINION_OPR,1,['NOUN'],['nmod'],['VE'],['問侯']
['W4iKRebbKk'],OPINION_OPR,1,['VERB'],['root'],['VC'],['回應']
['ckmTHp-YKl'],OPINION_OPR,1,['NOUN'],['nmod'],['VE'],['問侯']
['SlnvtM-rgt'],OPINION_OPR,1,['VERB'],['root'],['VC'],['回應']
['ddXsisXUL5'],OPINION_OPR,1,['NOUN'],['nmod'],['VE'],['問侯']
['xzbW7Jrs8p'],OPINION_OPR,1,['VERB'],['root'],['VC'],['回應']
['agY_X-vi_-'],OPINION_OPR,1,['VERB'],['root'],['VE'],['表示']
['fkd4C18V1j'],OPINION_OPR,1,['VERB'],['parataxis'],['VE'],['詢問']
['XDhiMbFIMC'],OPINION_OPR,1,['VERB'],['parataxis'],['VE'],['說']
['ABX7V5wu_c'],OPINION_OPR,1,['VERB'],['parataxis'],['VE'],['表示']
['VaVVJ9mLyI'],OPINION_OPR,1,['VERB'],['root'],['VE'],['說']
['K7NFEQC2ob'],OPINION_OPR,1,['VERB'],['root'],['VE'],['透露']
['2FHoOjtj_5'],OPINION_OPR,1,['VERB'],['root'],['VE'],['表示']
['rXrkFg6Pro'],OPINION_OPR,1,['VERB'],['root'],['VE'],['認為']
['aRqDWi1Aod'],OPINION_OPR,1,['VERB'],['advcl'],['VE'],['強調']
['PLAvC1CUzM'],OPINION_OPR,1,['VERB'],['root'],['VE'],['說']
['hbSoSO9jMs'],OPINION_OPR,1,['VERB'],['root'],['VE'],['表示']
['az4O0RrqqA'],OPINION_OPR,1,['VERB'],['advcl'],['VE'],['透露']
['vr8uZJb4Z-'],OPINION_OPR,1,['VERB'],['root'],['VE'],['指出']
['x4H_I20PdD'],OPINION_OPR,1,['VERB'],['root'],['VE'],['說']
['Eof-LglyHz'],OPINION_OPR,1,['VERB'],['root'],['VE'],['稱讚']
['Dufg1G7ymQ'],OPINION_OPR,1,['VERB'],['root'],['VE'],['指出']
['jQIxekMCTh'],OPINION_OPR,1,['VERB'],['root'],['VE'],['表示']
['A7tVvlqZjm'],OPINION_OPR,1,['VERB'],['root'],['VE'],['認為']
['fRaSs7YEBb'],OPINION_OPR,1,['VERB'],['root'],['VE'],['表示']
['gkFBlCfq6v'],OPINION_OPR,1,['VERB'],['root'],['VE'],['說']
['yypKtOnf6N'],OPINION_OPR,1,['VERB'],['root'],['VE'],['認為']
['ZorOHl02IY'],OPINION_OPR,1,['VERB'],['root'],['VE'],['呼籲']
['oPf0EbaBSu'],OPINION_OPR,1,['VERB'],['root'],['VE'],['表示']
['CYrUTaeKvn'],OPINION_OPR,1,['VERB'],['root'],['VE'],['提到']
['3MMduuYMrw'],OPINION_OPR,1,['VERB'],['root'],['VE'],['承諾']
['c1vk11mGEA'],OPINION_OPR,1,['VERB'],['advcl'],['VF'],['要求']
['fIorKgb9VC'],OPINION_OPR,1,['VERB'],['root'],['VE'],['提到']
['FbeNmsu8WQ'],OPINION_OPR,1,['VERB'],['root'],['VE'],['表示']
['QjQdaFlPY2'],OPINION_OPR,1,['VERB'],['root'],['VE'],['指出']
['t5cEvv-oHl'],OPINION_OPR,1,['VERB'],['root'],['VE'],['表示']
['TAZFS9b34R'],OPINION_OPR,1,['VERB'],['root'],['VE'],['表示']
['WnBQ-AY7Ba'],OPINION_OPR,1,['VERB'],['root'],['VE'],['表示']
['wUlZWswKWe'],OPINION_OPR,1,['VERB'],['root'],['VE'],['指出']
['PWKM-3Z4dC'],OPINION_OPR,1,['VERB'],['ccomp'],['VE'],['表示']
['lsXeZ-Went'],OPINION_OPR,1,['VERB'],['advcl'],['VE'],['透露']
['TMSA7J1Tam'],OPINION_OPR,1,['VERB'],['parataxis'],['VE'],['表示']
['HglaNmrXuk'],OPINION_OPR,1,['VERB'],['advcl'],['VC'],['痛批']
['Rk93e8U3la'],OPINION_OPR,1,['VERB'],['parataxis'],['VE'],['強調']
['eJZhgwWhMH'],OPINION_OPR,1,['VERB'],['parataxis'],['VC'],['讚揚']
['uqEWn3JHFn'],OPINION_OPR,1,['VERB'],['root'],['VE'],['表示']
['sF1Fp-Jdvc'],OPINION_OPR,1,['VERB'],['advcl'],['VE'],['喊出']
['Ah3-jTSSqM'],OPINION_OPR,1,['VERB'],['root'],['VE'],['指出']
['-ySgEfXWqR'],OPINION_OPR,1,['VERB'],['advcl'],['VC'],['痛斥']
['m9Lmoe-vS8'],OPINION_OPR,2,"['PART', 'VERB']","['nsubj', 'advcl']","['I', 'VE']","['嗨', '喊']"
['G2QAQEh4Gw'],OPINION_OPR,1,['VERB'],['parataxis'],['VE'],['表示']
['p2NbacPDt7'],OPINION_OPR,1,['VERB'],['acl'],['VE'],['說']
['_kc_jjHQ_y'],OPINION_OPR,2,"['ADV', 'VERB']","['advmod', 'root']","['VE', 'VE']","['坦', '言']"
['DoF-k5Ub8k'],OPINION_OPR,1,['VERB'],['root'],['VE'],['說']
['IZzJaLosUF'],OPINION_OPR,1,['VERB'],['root'],['VE'],['表示']
['6T-nejpw91'],OPINION_OPR,2,"['ADV', 'VERB']","['advmod', 'root']","['VE', 'VE']","['坦', '言']"
['pHuk7Ijpv9'],OPINION_OPR,1,['VERB'],['root'],['VE'],['指出']
['nSEEwxhhCo'],OPINION_OPR,1,['VERB'],['root'],['VE'],['說']
['N87qgE09pk'],OPINION_OPR,1,['VERB'],['root'],['VE'],['說']
['VZWVY0RNDL'],OPINION_OPR,1,['VERB'],['root'],['VE'],['表示']
['C4j_BXEkwh'],OPINION_OPR,1,['VERB'],['root'],['VE'],['說']
['S4SxMbue8G'],OPINION_OPR,1,['VERB'],['advcl'],['VE'],['表示']
['xk5mR8EoAd'],OPINION_OPR,1,['VERB'],['root'],['VE'],['認為']
['_VNV2omkHe'],OPINION_OPR,1,['VERB'],['root'],['VE'],['表示']
['2j9qXSqQXx'],OPINION_OPR,1,['VERB'],['root'],['VE'],['指出']
['sStFFBLfs8'],OPINION_OPR,1,['VERB'],['csubj'],['VE'],['說明']
['BYVoEZykiu'],OPINION_OPR,1,['VERB'],['advcl'],['VK'],['擔心']
['Cc8DdApegx'],OPINION_OPR,1,['VERB'],['parataxis'],['VE'],['表示']
['7nXfXY28nj'],OPINION_OPR,1,['VERB'],['root'],['VE'],['指出']
['ty9dFBFOZ0'],OPINION_OPR,1,['VERB'],['root'],['VE'],['指出']
['NT7Lfuhj30'],OPINION_OPR,1,['VERB'],['advcl'],['VE'],['強調']
['ZrE8rS2YW0'],OPINION_OPR,1,['VERB'],['root'],['VE'],['認為']
['tRLNlNruMi'],OPINION_OPR,1,['VERB'],['root'],['VE'],['說']
['YPVD0s7TLf'],OPINION_OPR,1,['VERB'],['root'],['VE'],['表示']
['1cR5xMSyvr'],OPINION_OPR,1,['VERB'],['root'],['VC'],['指']
['0XeUNqg8n_'],OPINION_OPR,1,['VERB'],['root'],['VC'],['批評']
['p1oiwdHnnT'],OPINION_OPR,1,['VERB'],['root'],['VE'],['表示']
['683qA_8-hs'],OPINION_OPR,1,['VERB'],['root'],['VE'],['認為']
['0vmDb8-Kz9'],OPINION_OPR,1,['VERB'],['root'],['VE'],['表示']
['k51iG82tdq'],OPINION_OPR,1,['VERB'],['root'],['VE'],['表示']
['wLS8e2hNna'],OPINION_OPR,1,['VERB'],['root'],['VE'],['認為']
['j-VEYwScSb'],OPINION_OPR,2,"['VERB', 'NOUN']","['advcl', 'obj']","['VC', 'VC']","['痛', '批']"
['ra_upQX-dZ'],OPINION_OPR,1,['VERB'],['root'],['VC'],['反擊']
['VAnFPwvkpy'],OPINION_OPR,1,['VERB'],['root'],['VC'],['痛批']
['gU52xKmgh4'],OPINION_OPR,1,['VERB'],['root'],['VE'],['指出']
['-ldPvoCqfV'],OPINION_OPR,1,['VERB'],['root'],['VE'],['強調']
['xbMB9YbLzv'],OPINION_OPR,1,['VERB'],['root'],['VE'],['表示']
['WlmpphB2CV'],OPINION_OPR,2,"['NOUN', 'VERB']","['nsubj', 'root']","['VA', 'VH']","['游怒', '嗆']"
['CCHGYYRm-i'],OPINION_OPR,1,['VERB'],['root'],['VE'],['表示']
['i0G5UZoTgn'],OPINION_OPR,1,['VERB'],['advcl'],['VE'],['表示']
['tm21FG0cpi'],OPINION_OPR,1,['VERB'],['parataxis'],['VE'],['指出']
['Kz0TG9HV55'],OPINION_OPR,1,['VERB'],['root'],['VE'],['說']
['gvdlCKSmFu'],OPINION_OPR,1,['VERB'],['root'],['VE'],['表示']
['7PGJXlU0ES'],OPINION_OPR,1,['VERB'],['root'],['VE'],['表示']
['YixgSbO_YU'],OPINION_OPR,1,['VERB'],['root'],['VE'],['說']
['Z0Lwmw0fjT'],OPINION_OPR,1,['VERB'],['root'],['VE'],['表示']
['C35d9rZWIt'],OPINION_OPR,1,['VERB'],['root'],['VE'],['表示']
['HEvx5zIThk'],OPINION_OPR,1,['VERB'],['root'],['VE'],['表示']
['2ItZH9_5Yy'],OPINION_OPR,1,['VERB'],['root'],['VE'],['說']
['laj574t7nK'],OPINION_OPR,1,['VERB'],['root'],['VE'],['表示']
['eZwVVO7r0f'],OPINION_OPR,1,['VERB'],['root'],['VE'],['說']
['LGOcRuxUYk'],OPINION_OPR,1,['VERB'],['root'],['VE'],['宣示']
['OgAw_PK-lL'],OPINION_OPR,1,['VERB'],['root'],['VC'],['提出']
['AdQiSJXVtu'],OPINION_OPR,1,['VERB'],['root'],['VE'],['指出']
['x8vpxfKFMg'],OPINION_OPR,1,['VERB'],['root'],['VE'],['指出']
['sIdQgUu_IC'],OPINION_OPR,1,['VERB'],['root'],['VE'],['稱']
['Z0YeCu2ICr'],OPINION_OPR,1,['VERB'],['root'],['VE'],['指出']
['R14DMlu3YX'],OPINION_OPR,1,['VERB'],['root'],['VE'],['強調']
['_OXQSovAw0'],OPINION_OPR,1,['VERB'],['parataxis'],['VE'],['強調']
['B1V6qfpovN'],OPINION_OPR,1,['VERB'],['parataxis'],['VE'],['說']
['XJNOz213Fq'],OPINION_OPR,1,['VERB'],['root'],['VE'],['表示']
['0v-uz3PYjR'],OPINION_OPR,1,['VERB'],['root'],['VE'],['指出']
['kDX4Mf9sKI'],OPINION_OPR,1,['VERB'],['root'],['VE'],['表示']
['4BFgtc46zh'],OPINION_OPR,1,['VERB'],['root'],['VE'],['指出']
['9hBfkU_r8m'],OPINION_OPR,1,['VERB'],['root'],['VE'],['祝']
['kKDkF1D4Po'],OPINION_OPR,1,['VERB'],['acl:relcl'],['VK'],['願新']
['0wEMAwfc2d'],OPINION_OPR,1,['VERB'],['advcl'],['VC'],['祝福']
['8us6cKWN8Y'],OPINION_OPR,1,['VERB'],['parataxis'],['VE'],['表示']
['rxvnwPiCn-'],OPINION_OPR,1,['VERB'],['root'],['VE'],['指出']
['7kM3JUlAKs'],OPINION_OPR,1,['VERB'],['root'],['VE'],['說']
['L4YAVrck7o'],OPINION_OPR,1,['VERB'],['root'],['VE'],['說']
['RmHyuJzOf2'],OPINION_OPR,1,['VERB'],['root'],['VE'],['指出']
['ARamLrg4at'],OPINION_OPR,1,['VERB'],['root'],['VE'],['說']
['-5pxbE7yA6'],OPINION_OPR,1,['VERB'],['root'],['VE'],['指出']
['ojTwtvnWTl'],OPINION_OPR,1,['VERB'],['root'],['VE'],['說']
['Z8kHrF9fgD'],OPINION_OPR,1,['VERB'],['parataxis'],['VE'],['宣布']
['4PyeNLiXwj'],OPINION_OPR,2,"['VERB', 'PROPN']","['advcl', 'nmod']","['Cbb', 'Nb']","['並期', '許']"
['iwHqtg6isS'],OPINION_OPR,1,['VERB'],['root'],['VE'],['表示']
['cAkyzaCWxU'],OPINION_OPR,1,['VERB'],['advcl'],['VC'],['痛斥']
['Qme7l7XfSC'],OPINION_OPR,1,['VERB'],['root'],['VE'],['直指']
['688FnjAoVc'],OPINION_OPR,1,['VERB'],['advcl'],['VC'],['引用']
['YP-eg_51Ii'],OPINION_OPR,1,['VERB'],['parataxis'],['VE'],['表示']
['IJFs7-Dbq2'],OPINION_OPR,1,['PROPN'],['flat:name'],['VC'],['讚']
['XGMAkYAlhM'],OPINION_OPR,1,['VERB'],['advcl'],['VE'],['盛讚']
['ICBiT1oxuR'],OPINION_OPR,1,['VERB'],['root'],['VK'],['期許']
['wVg-rRtFeQ'],OPINION_OPR,1,['VERB'],['root'],['VE'],['指出']
['48AatAC0eQ'],OPINION_OPR,1,['VERB'],['advcl'],['VE'],['透露']
['xjQxyJd0yV'],OPINION_OPR,1,['VERB'],['root'],['VE'],['強調']
['SgLIuFOmV9'],OPINION_OPR,1,['VERB'],['advcl'],['VE'],['呼籲']
['vgFIijeVUY'],OPINION_OPR,1,['VERB'],['advcl'],['VE'],['披露']
['Tm0l1L6fDu'],OPINION_OPR,1,['VERB'],['advcl'],['VE'],['呼籲']
['LrUArz4GSb'],OPINION_OPR,1,['VERB'],['ccomp'],['VE'],['質疑']
['4YSftv-O3E'],OPINION_OPR,1,['VERB'],['advcl'],['VE'],['直言']
['Ru083MlNvK'],OPINION_OPR,1,['VERB'],['advcl'],['VE'],['直言']
['MAx8H89IPJ'],OPINION_OPR,1,['VERB'],['root'],['VE'],['指出']
['0B02YzWwjj'],OPINION_OPR,1,['VERB'],['root'],['VE'],['直指']
['5G9HFYqFZW'],OPINION_OPR,1,['VERB'],['root'],['VE'],['表示']
['jto9b2l81v'],OPINION_OPR,1,['VERB'],['root'],['VE'],['強調']
['Rf02qpetPC'],OPINION_OPR,1,['VERB'],['root'],['VE'],['認為']
['gMc6aTf_Os'],OPINION_OPR,1,['VERB'],['root'],['VE'],['宣布']
['KgxXzN4OEY'],OPINION_OPR,1,['VERB'],['root'],['VE'],['指出']
['a-8jnCwnHC'],OPINION_OPR,1,['VERB'],['root'],['VE'],['說']
['hm8rP4CwxS'],OPINION_OPR,1,['VERB'],['root'],['VE'],['說']
['ogf6W_1306'],OPINION_OPR,1,['NOUN'],['obj'],['VE'],['說明']
['sL07pxbB3T'],OPINION_OPR,1,['VERB'],['root'],['VE'],['表示']
['0WJyu4bNwy'],OPINION_OPR,1,['VERB'],['root'],['VE'],['表示']
['PTiZ3Y316C'],OPINION_OPR,1,['VERB'],['root'],['VE'],['指出']
['SzBZzLgYOe'],OPINION_OPR,1,['VERB'],['root'],['VE'],['表示']
['spmQpnbLmL'],OPINION_OPR,1,['VERB'],['root'],['VE'],['說']
['DToVrE9U6C'],OPINION_OPR,1,['VERB'],['root'],['VE'],['認為']
['qAHcu-O5vL'],OPINION_OPR,1,['VERB'],['acl'],['VE'],['強調']
['8Q9HEiKqR-'],OPINION_OPR,1,['VERB'],['root'],['VE'],['重申']
['sHKMgX_HIi'],OPINION_OPR,1,['VERB'],['root'],['VE'],['表示']
['zZymO-dGao'],OPINION_OPR,1,['VERB'],['root'],['VE'],['說']
['iuvTCY3heP'],OPINION_OPR,1,['VERB'],['root'],['VE'],['強調']
['Vbl--qBEiO'],OPINION_OPR,1,['VERB'],['root'],['VE'],['表示']
['H-Pw3hB3ET'],OPINION_OPR,1,['VERB'],['ccomp'],['VH'],['酸']
['i4otwynoHo'],OPINION_OPR,1,['VERB'],['root'],['VE'],['指出']
['YlXl1-Lwvc'],OPINION_OPR,1,['VERB'],['root'],['VE'],['強調']
['xMNAYvUD0C'],OPINION_OPR,1,['VERB'],['advcl'],['VE'],['呼籲']
['iel8Q3FCb6'],OPINION_OPR,1,['VERB'],['root'],['VE'],['認為']
['U8fxuf8C-Q'],OPINION_OPR,1,['VERB'],['advcl'],['D'],['直呼']
['9FjlwdyKW6'],OPINION_OPR,1,['VERB'],['acl'],['VE'],['直言']
['0JWftcF7IL'],OPINION_OPR,1,['VERB'],['advcl'],['VE'],['解釋']
['6LoK2Y-7za'],OPINION_OPR,1,['VERB'],['xcomp'],['VE'],['強調']
['FrtXANJD7O'],OPINION_OPR,1,['VERB'],['acl'],['VE'],['認為']
['-hpp8blQce'],OPINION_OPR,1,['VERB'],['root'],['VE'],['推測']
['05qUy0rT2f'],OPINION_OPR,1,['VERB'],['parataxis'],['VE'],['指出']
['whOiS9b4bZ'],OPINION_OPR,1,['VERB'],['root'],['VE'],['表示']
['FgIMaVS42O'],OPINION_OPR,1,['VERB'],['root'],['VE'],['強調']
['iW3rO5wPgZ'],OPINION_OPR,1,['VERB'],['root'],['VE'],['稱']
['z_R-EaY4dA'],OPINION_OPR,1,['VERB'],['root'],['VE'],['表示']
['NxTKH820WO'],OPINION_OPR,1,['VERB'],['root'],['VE'],['表示']
['3RiwGtI0qf'],OPINION_OPR,2,"['ADV', 'VERB']","['advmod', 'ccomp']","['VE', 'VE']","['坦', '言']"
['fiPPbxOIuc'],OPINION_OPR,1,['VERB'],['root'],['VE'],['認為']
['lwyIpz_oF8'],OPINION_OPR,1,['VERB'],['parataxis'],['VA'],['喊話']
['adtmGfZ6qy'],OPINION_OPR,1,['VERB'],['advcl'],['VE'],['認為']
['Gjw9nPPgGr'],OPINION_OPR,1,['VERB'],['advcl'],['VE'],['質疑']
['-ETQDaEC1h'],OPINION_OPR,1,['VERB'],['parataxis'],['D'],['直呼']
['kJxX9exSnC'],OPINION_OPR,1,['VERB'],['root'],['VE'],['透露']
['hhhZdeeYSb'],OPINION_OPR,1,['VERB'],['root'],['VE'],['指出']
['2ZAZ1KeSx9'],OPINION_OPR,1,['VERB'],['root'],['VE'],['指出']
['VVJcGnFy6s'],OPINION_OPR,1,['VERB'],['root'],['VE'],['直言']
['57myrP5ewo'],OPINION_OPR,1,['VERB'],['root'],['VE'],['指出']
['JrAfRK30bB'],OPINION_OPR,1,['VERB'],['root'],['VE'],['觀察']
['5ROhCB2jXD'],OPINION_OPR,1,['VERB'],['root'],['VE'],['認為']
['vOfLnKz6SI'],OPINION_OPR,1,['VERB'],['root'],['VE'],['指出']
['VMmTHzozR0'],OPINION_OPR,1,['VERB'],['root'],['VE'],['說']
['IBVdHly36Y'],OPINION_OPR,1,['VERB'],['root'],['VE'],['指出']
['FhV8LcjIbG'],OPINION_OPR,1,['VERB'],['root'],['VE'],['表示']
['ci5AL_Jvh-'],OPINION_OPR,1,['VERB'],['root'],['VE'],['指出']
['6qBfy0RT8Y'],OPINION_OPR,1,['VERB'],['root'],['VE'],['指出']
['cd8HHN8Ruq'],OPINION_OPR,1,['VERB'],['root'],['VE'],['表示']
['SA5rVc9Gpx'],OPINION_OPR,1,['VERB'],['root'],['VE'],['表示']
['0T_EsZVIHh'],OPINION_OPR,2,"['ADV', 'VERB']","['advmod', 'root']","['VE', 'VE']","['坦', '言']"
['i1GPJ41f37'],OPINION_OPR,1,['VERB'],['root'],['VE'],['直言']
['eY02qruKK-'],OPINION_OPR,1,['VERB'],['root'],['VE'],['表示']
['pw_qCt0r1j'],OPINION_OPR,1,['VERB'],['root'],['VE'],['指出']
['Ao4nouUwNd'],OPINION_OPR,1,['VERB'],['root'],['VE'],['認為']
['TAIQ-Pe6Nj'],OPINION_OPR,2,"['ADV', 'VERB']","['advmod', 'parataxis']","['VE', 'VE']","['坦', '言']"
['5fR8RGk3eS'],OPINION_OPR,1,['VERB'],['parataxis'],['VE'],['說']
['gD73Bydz-o'],OPINION_OPR,1,['VERB'],['parataxis'],['VE'],['指稱']
['e9szoXQG8C'],OPINION_OPR,1,['VERB'],['ccomp'],['VE'],['說']
['shKOduNyX2'],OPINION_OPR,1,['VERB'],['root'],['VE'],['說']
['bFMtlzdn-V'],OPINION_OPR,1,['VERB'],['xcomp'],['VE'],['道']
['sNGK4NY6Fz'],OPINION_OPR,1,['VERB'],['root'],['VE'],['表示']
['rV4TPt1NtV'],OPINION_OPR,1,['VERB'],['root'],['VE'],['表示']
['DpBXi6K_4p'],OPINION_OPR,1,['VERB'],['root'],['VE'],['認為']
['SkQ_NFfdpm'],OPINION_OPR,1,['VERB'],['root'],['VE'],['說']
['o395Ne6OXt'],OPINION_OPR,1,['VERB'],['parataxis'],['VE'],['說']
['kHLTfhAkCd'],OPINION_OPR,1,['VERB'],['root'],['VE'],['說']
['KMm7vEbW0k'],OPINION_OPR,1,['VERB'],['parataxis'],['Cbb'],['並稱']
['edYJlZMsek'],OPINION_OPR,1,['VERB'],['root'],['VE'],['表示']
['hrtHzqrRPn'],OPINION_OPR,1,['VERB'],['root'],['VE'],['指出']
['N1rlwDYSbt'],OPINION_OPR,1,['VERB'],['root'],['VE'],['表示']
['ma3zVpKuyv'],OPINION_OPR,1,['VERB'],['root'],['VE'],['強調']
['GrZsZUuMit'],OPINION_OPR,1,['VERB'],['parataxis'],['VE'],['透露']
['qONXKoRV0T'],OPINION_OPR,1,['VERB'],['advcl'],['VC'],['分析']
['uveRX-SHoX'],OPINION_OPR,1,['VERB'],['root'],['VE'],['表示']
['xsGQpG2nHy'],OPINION_OPR,1,['NOUN'],['obj'],['VC'],['揄道']
['fKUui53807'],OPINION_OPR,1,['VERB'],['root'],['VE'],['認為']
['cKVHyrJU8A'],OPINION_OPR,1,['VERB'],['root'],['VE'],['說明']
['qz-Lrgg5pv'],OPINION_OPR,2,"['NOUN', 'PART']","['compound', 'obj']","['Na', 'VC']","['士葆痛', '批']"
['h0L0x10bbc'],OPINION_OPR,1,['VERB'],['root'],['VE'],['表示']
['VOObib_ify'],OPINION_OPR,1,['VERB'],['root'],['VE'],['指出']
['NAAP-bygc9'],OPINION_OPR,1,['VERB'],['advcl'],['VE'],['直言']
['offMDZzHen'],OPINION_OPR,1,['VERB'],['root'],['VE'],['強調']
['ohurOnbehb'],OPINION_OPR,1,['VERB'],['root'],['VE'],['指出']
['S4u6ucEsFA'],OPINION_OPR,1,['VERB'],['root'],['VE'],['宣布']
['BhbWCI-2g0'],OPINION_OPR,1,['VERB'],['parataxis'],['VE'],['認為']
['a3lF-FNiNp'],OPINION_OPR,1,['VERB'],['root'],['VE'],['說']
['tnTVgngNDC'],OPINION_OPR,1,['VERB'],['root'],['VE'],['指出']
['9z_qp-MWrB'],OPINION_OPR,1,['VERB'],['ccomp'],['VE'],['認為']
['NkAbaM8X2J'],OPINION_OPR,1,['VERB'],['root'],['VE'],['強調']
['jJQU1HDq5d'],OPINION_OPR,1,['VERB'],['parataxis'],['VE'],['表示']
['FypDwxm3Bo'],OPINION_OPR,1,['NOUN'],['nmod'],['VH'],['痛批']
['qQ59WmAq_v'],OPINION_OPR,1,['VERB'],['ccomp'],['VE'],['報導']
['31E7VkziVV'],OPINION_OPR,1,['VERB'],['root'],['VE'],['說']
['cLg-o2kvbA'],OPINION_OPR,1,['VERB'],['ccomp'],['Na'],['留言']
['VTQFufIeGw'],OPINION_OPR,1,['VERB'],['root'],['VE'],['公布']
['T0nm3bX5IU'],OPINION_OPR,1,['VERB'],['root'],['VE'],['說明']
['Fvf5S9nHwI'],OPINION_OPR,1,['VERB'],['root'],['VE'],['強調']
['J36rY2jDFR'],OPINION_OPR,1,['VERB'],['parataxis'],['VE'],['說']
['hHtdF3OijZ'],OPINION_OPR,1,['VERB'],['advcl'],['VE'],['直言']
['RT61V7Pzu2'],OPINION_OPR,1,['VERB'],['advcl'],['VE'],['提及']
['8X3kf2tT9a'],OPINION_OPR,1,['VERB'],['ccomp'],['Ng'],['時稱']
['6--MQBPJlC'],OPINION_OPR,1,['VERB'],['root'],['VE'],['指出']
['tAtiVz0TXi'],OPINION_OPR,1,['VERB'],['root'],['VE'],['認為']
['lg4kQ_t4TM'],OPINION_OPR,1,['VERB'],['root'],['VE'],['提及']
['zLbiRJcL25'],OPINION_OPR,1,['VERB'],['root'],['VE'],['直言']
['KfVuvSCk-I'],OPINION_OPR,1,['VERB'],['root'],['VE'],['表示']
['8tXmtSji7D'],OPINION_OPR,1,['VERB'],['parataxis'],['VE'],['表示']
['EauAYlBnBc'],OPINION_OPR,1,['VERB'],['root'],['VE'],['表示']
['MzJLxXrvD2'],OPINION_OPR,1,['VERB'],['parataxis'],['VH'],['宜說']
['D26ezQbtjb'],OPINION_OPR,1,['VERB'],['root'],['VE'],['說']
['6QLxakfi2B'],OPINION_OPR,1,['AUX'],['cop'],['VE'],['表示']
['gS8Zcd4Q6B'],OPINION_OPR,1,['VERB'],['ccomp'],['VE'],['強調']
['Bmue072Vl7'],OPINION_OPR,1,['VERB'],['root'],['VE'],['表示']
['DPoNVvix4d'],OPINION_OPR,1,['VERB'],['advcl'],['VE'],['強調']
['dHRJZVFqCh'],OPINION_OPR,1,['VERB'],['root'],['VF'],['鼓勵']
['ljed1k2jj1'],OPINION_OPR,1,['VERB'],['root'],['VC'],['痛罵']
['GZqE7Ju4Vv'],OPINION_OPR,1,['VERB'],['ccomp'],['VA'],['喊話']
['oqR7ei-KzC'],OPINION_OPR,1,['VERB'],['root'],['VE'],['說']
['HO329ykcJP'],OPINION_OPR,1,['VERB'],['root'],['VE'],['說']
['6YqViilrd3'],OPINION_OPR,1,['VERB'],['root'],['VE'],['表示']
['iIgQmSuKqb'],OPINION_OPR,1,['VERB'],['root'],['VE'],['說']
['CgxY2HClDS'],OPINION_OPR,1,['VERB'],['root'],['VE'],['爆料']
['QYiUw7BxEn'],OPINION_OPR,1,['VERB'],['parataxis'],['VE'],['指出']
['XW68cIjlM4'],OPINION_OPR,1,['VERB'],['root'],['VE'],['解釋']
['Tl7G6HtPq0'],OPINION_OPR,1,['VERB'],['root'],['VE'],['表示']
['RNk9MZFnFX'],OPINION_OPR,1,['VERB'],['root'],['VE'],['強調']
['AaU2nJDnnv'],OPINION_OPR,1,['VERB'],['xcomp'],['VH'],['榮說']
['vZmbBJpuad'],OPINION_OPR,2,"['VERB', 'VERB']","['advcl', 'mark']","['Dfa', 'VC']","['痛', '批']"
['V8tn2IvURq'],OPINION_OPR,1,['VERB'],['root'],['VE'],['指出']
['VR8iAdl3ME'],OPINION_OPR,1,['VERB'],['root'],['VE'],['指出']
['7Tp1SMc2Do'],OPINION_OPR,1,['VERB'],['parataxis'],['Dfa'],['痛批']
['G2uj2pMy9M'],OPINION_OPR,1,['VERB'],['advcl'],['VE'],['直言']
['IgUSYi8Vz1'],OPINION_OPR,1,['VERB'],['advcl'],['VE'],['建議']
['lQKrq4v-Cy'],OPINION_OPR,1,['VERB'],['root'],['VK'],['顯示']
['14Agu3fy51'],OPINION_OPR,1,['VERB'],['root'],['VE'],['指出']
['r5RUitfTJo'],OPINION_OPR,1,['VERB'],['root'],['VE'],['指出']
['6FgivtkN9g'],OPINION_OPR,1,['VERB'],['parataxis'],['VE'],['表示']
['0JczQKd0Y9'],OPINION_OPR,1,['VERB'],['root'],['VE'],['說']
['ko6oMgtewG'],OPINION_OPR,1,['VERB'],['advcl'],['VA'],['舉例']
['cFf5_HLyhr'],OPINION_OPR,1,['VERB'],['advcl'],['VJ'],['歡迎']
['1urG4h07Pg'],OPINION_OPR,1,['NOUN'],['nmod'],['VK'],['期許']
['UPevwUC_iS'],OPINION_OPR,1,['VERB'],['root'],['VE'],['表示']
['3iHp4wX7AF'],OPINION_OPR,2,"['ADV', 'VERB']","['advmod', 'root']","['VE', 'VC']","['直', '指']"
['1gNp12O7Jk'],OPINION_OPR,1,['VERB'],['root'],['VE'],['表示']
['PhZWiTa-dW'],OPINION_OPR,1,['VERB'],['root'],['VE'],['強調']
['VjCZBotcnG'],OPINION_OPR,1,['VERB'],['root'],['VE'],['表示']
['XEO-WftF1L'],OPINION_OPR,1,['VERB'],['advcl'],['VA'],['舉例']
['nz7j47YEVz'],OPINION_OPR,1,['VERB'],['root'],['VE'],['表示']
['qImecLzuQ3'],OPINION_OPR,1,['VERB'],['root'],['VC'],['回應']
['_c3diKbDTA'],OPINION_OPR,1,['VERB'],['root'],['VE'],['強調']
"['h3frBsBQbr', '14DuzQZffx', 'nFA2ge93hW']",OPINION_OPR,1,['VERB'],['advcl'],['Nb'],['羅反嗆']
['gp8ZusPuGY'],OPINION_OPR,1,['VERB'],['root'],['VE'],['表示']
['sahHZTFhim'],OPINION_OPR,1,['VERB'],['ccomp'],['VE'],['說']
['s3oHnTm-ZJ'],OPINION_OPR,1,['VERB'],['ccomp'],['VE'],['認為']
['b2P15zLapZ'],OPINION_OPR,1,['NOUN'],['obj'],['VC'],['批']
['EwA-XCFYDQ'],OPINION_OPR,1,['VERB'],['advcl'],['VE'],['表示']
['dt4VsujTGN'],OPINION_OPR,1,['VERB'],['root'],['VE'],['表示']
['aeFW5JSdXN'],OPINION_OPR,1,['VERB'],['ccomp'],['VE'],['表示']
['ck2LR6RGlW'],OPINION_OPR,1,['VERB'],['root'],['VE'],['認為']
['jDHAeZdVpj'],OPINION_OPR,1,['VERB'],['root'],['VE'],['表示']
['PRBpvS-bt1'],OPINION_OPR,1,['VERB'],['root'],['VE'],['說']
['qF_Z5gOkMD'],OPINION_OPR,1,['VERB'],['root'],['VE'],['指出']
['tH5gdjeFgC'],OPINION_OPR,1,['VERB'],['advcl'],['VE'],['直言']
['4lGyq1Zabk'],OPINION_OPR,2,"['ADV', 'VERB']","['advmod', 'root']","['VE', 'VE']","['坦', '言']"
['8MYcFGdLCG'],OPINION_OPR,1,['VERB'],['root'],['VC'],['痛斥']
['wa_cwhTRae'],OPINION_OPR,1,['VERB'],['ccomp'],['VE'],['轉述']
['eCYj3Bv7oM'],OPINION_OPR,1,['VERB'],['advcl'],['VE'],['解釋']
['8z_N-7EZpo'],OPINION_OPR,1,['VERB'],['root'],['VE'],['說']
['rSuqudf08O'],OPINION_OPR,1,['VERB'],['advcl'],['VE'],['提及']
['nscn6GzwEs'],OPINION_OPR,1,['VERB'],['root'],['VE'],['指出']
['8OewsWj9F_'],OPINION_OPR,1,['VERB'],['root'],['VE'],['表示']
['i5Dc3_XOvB'],OPINION_OPR,1,['VERB'],['root'],['VE'],['表示']
['lbsgQKDyVq'],OPINION_OPR,1,['VERB'],['root'],['VE'],['提到']
['TC2gxAa5gQ'],OPINION_OPR,1,['VERB'],['root'],['VE'],['說']
['8nCGN7TWVx'],OPINION_OPR,1,['VERB'],['root'],['VE'],['說']
['N_17ce9gIE'],OPINION_OPR,1,['VERB'],['advcl'],['VC'],['痛批']
['y2qyIyBUk7'],OPINION_OPR,1,['VERB'],['advcl'],['VA'],['發文']
['kLe6cJH8dt'],OPINION_OPR,1,['VERB'],['root'],['VC'],['痛批']
['-aC_xCZ_GK'],OPINION_OPR,1,['VERB'],['root'],['VE'],['寫道']
['WOTJqdnwtn'],OPINION_OPR,1,['VERB'],['root'],['VA'],['留言']
['Y10jyFYXRc'],OPINION_OPR,1,['VERB'],['root'],['VE'],['指出']
['M4h-oKYZFj'],OPINION_OPR,1,['VERB'],['root'],['VE'],['指出']
['MjL56Ktu71'],OPINION_OPR,1,['VERB'],['root'],['VE'],['強調']
['GWqHfH9Kjl'],OPINION_OPR,1,['VERB'],['root'],['VE'],['強調']
['qxfaDD6-8u'],OPINION_OPR,1,['VERB'],['root'],['VE'],['推測']
['5Bx67SGcBn'],OPINION_OPR,1,['VERB'],['root'],['VE'],['提到']
['x-3l1Vkf4X'],OPINION_OPR,1,['VERB'],['ccomp'],['VE'],['表示']
['zogzt9G1oB'],OPINION_OPR,1,['VERB'],['root'],['VE'],['說']
['elrohppd6y'],OPINION_OPR,1,['VERB'],['root'],['VE'],['強調']
['bKassEv3nJ'],OPINION_OPR,1,['VERB'],['root'],['VE'],['表示']
['0WiBPg6cgu'],OPINION_OPR,1,['VERB'],['root'],['VE'],['指出']
['A3-9w2WmbD'],OPINION_OPR,1,['VERB'],['root'],['VE'],['說']
['Ld_8pF5BEd'],OPINION_OPR,1,['VERB'],['root'],['VE'],['說']
['oGyF0QZOut'],OPINION_OPR,1,['VERB'],['root'],['VE'],['指出']
['wDcGfGWb97'],OPINION_OPR,1,['VERB'],['root'],['VE'],['說']
['ffDavudyE4'],OPINION_OPR,1,['VERB'],['root'],['VE'],['強調']
['PNoa241bZn'],OPINION_OPR,1,['VERB'],['parataxis'],['VE'],['表示']
['ZIXmggVOuu'],OPINION_OPR,1,['VERB'],['root'],['VC'],['寫下']
['p9eKRgZz4j'],OPINION_OPR,1,['VERB'],['root'],['VC'],['回應']
['Eeh3g5Utp_'],OPINION_OPR,1,['VERB'],['advcl'],['Na'],['農說']
['2TtLUTdA_r'],OPINION_OPR,1,['NOUN'],['nsubj'],['VE'],['認為']
['Fp0HFAUYoD'],OPINION_OPR,1,['VERB'],['root'],['VE'],['指出']
['95GKwXlj8p'],OPINION_OPR,1,['NOUN'],['nsubj'],['VE'],['直言']
['ff0UAsEidv'],OPINION_OPR,1,['NOUN'],['root'],['VE'],['說']
['wQElywEo-5'],OPINION_OPR,1,['NOUN'],['nsubj'],['VE'],['認為']
['b2SX4ETr77'],OPINION_OPR,1,['NOUN'],['nmod:tmod'],['VE'],['強調']
['X3lZWlFZFG'],OPINION_OPR,1,['VERB'],['advcl'],['VG'],['自稱']
['QfWXxjs5fd'],OPINION_OPR,1,['VERB'],['parataxis'],['VE'],['大罵']
['_Yf7kyNPyf'],OPINION_OPR,1,['VERB'],['ccomp'],['VC'],['表達']
['UQ1ZfaB55T'],OPINION_OPR,1,['VERB'],['parataxis'],['Dfa'],['痛批']
['sKJ5CNCl6x'],OPINION_OPR,1,['VERB'],['root'],['VE'],['稱']
['gaThp82bbr'],OPINION_OPR,1,['VERB'],['parataxis'],['Na'],['留言']
['bwOziPmesI'],OPINION_OPR,1,['VERB'],['ccomp'],['VE'],['高喊']
['qTE8oDFZ2T'],OPINION_OPR,1,['VERB'],['ccomp'],['D'],['反嗆']
['51yUsqotzH'],OPINION_OPR,1,['VERB'],['advcl'],['VC'],['批']
['ImfejTwU1a'],OPINION_OPR,1,['VERB'],['root'],['VE'],['表示']
['rfFUudyRz6'],OPINION_OPR,1,['VERB'],['root'],['VE'],['表示']
['loYz113zBA'],OPINION_OPR,1,['VERB'],['root'],['VE'],['說']
['FkuCgRSTGy'],OPINION_OPR,1,['VERB'],['root'],['VC'],['批']
['7AdwwczvIM'],OPINION_OPR,1,['VERB'],['root'],['VC'],['反駁']
['I7i51zFUOE'],OPINION_OPR,1,['PROPN'],['flat:name'],['VC'],['批苗博雅']
['uM9T9Zdfan'],OPINION_OPR,1,['VERB'],['root'],['VE'],['披露']
['Vj13kDg5H_'],OPINION_OPR,1,['VERB'],['root'],['VC'],['反駁']
['3spUmJ31Nh'],OPINION_OPR,1,['VERB'],['root'],['VC'],['批評']
['DE7FP29vHF'],OPINION_OPR,2,"['VERB', 'VERB']","['advcl', 'xcomp']","['VC', 'VC']","['砲', '轟苗']"
['n6hghst_95'],OPINION_OPR,2,"['VERB', 'VERB']","['root', 'xcomp']","['VA', 'Na']","['做', '結']"
['roo88pHzR8'],OPINION_OPR,1,['VERB'],['root'],['VE'],['認為']
['d5MHNmRJtx'],OPINION_OPR,1,['VERB'],['root'],['VE'],['強調']
['Y-XDcbMPSQ'],OPINION_OPR,1,['VERB'],['root'],['VK'],['希望']
['W0CSpusL1C'],OPINION_OPR,1,['VERB'],['root'],['VE'],['認為']
['0G8pZ2wGUm'],OPINION_OPR,1,['VERB'],['root'],['VE'],['認為']
['ugW4EZIllw'],OPINION_OPR,1,['VERB'],['root'],['VE'],['說']
['dyJj896dkT'],OPINION_OPR,1,['VERB'],['parataxis'],['VE'],['表示']
['nEZhTmOJY7'],OPINION_OPR,1,['VERB'],['ccomp'],['VC'],['統計']
['VMKHOs0t-t'],OPINION_OPR,1,['VERB'],['root'],['VE'],['說']
['osByemXCrD'],OPINION_OPR,1,['VERB'],['root'],['VE'],['指出']
['i7AVtvwQOe'],OPINION_OPR,1,['VERB'],['root'],['VE'],['表示']
['wQrK_6zkFs'],OPINION_OPR,1,['VERB'],['root'],['VC'],['寫下']
['Ms6kwlC2l_'],OPINION_OPR,1,['VERB'],['root'],['VA'],['留言']
['VfsstajJhq'],OPINION_OPR,1,['VERB'],['ccomp'],['VA'],['留言']
['fr8DYs8xJI'],OPINION_OPR,2,"['VERB', 'VERB']","['advcl', 'root']","['VE', 'VE']","['問', '說']"
['83tY4qWhRb'],OPINION_OPR,1,['VERB'],['root'],['VC'],['回應']
['WFY3DlDMnR'],OPINION_OPR,1,['VERB'],['ccomp'],['VE'],['提到']
['YB8F7BxwA_'],OPINION_OPR,1,['VERB'],['root'],['VE'],['說']
['9B9KeTjLfV'],OPINION_OPR,2,"['VERB', 'VERB']","['advcl', 'advcl']","['VA', 'Na']","['留', '言']"
['SSKSvg0XqM'],OPINION_OPR,1,['VERB'],['root'],['VE'],['稱']
['uklXhrgxil'],OPINION_OPR,1,['VERB'],['root'],['VE'],['表示']
['TKtHSoCDUz'],OPINION_OPR,1,['VERB'],['parataxis'],['VE'],['說']
['0vH1b54af-'],OPINION_OPR,1,['VERB'],['root'],['VE'],['表示']
['lnmD6NHBNK'],OPINION_OPR,1,['VERB'],['root'],['VE'],['指出']
